AB695068,nucleocapsid,98.639,147,2,0,253,399,1,147,1.73e-72,257,37
AB695069,nucleocapsid,98.639,147,2,0,253,399,1,147,1.73e-72,257,37
AB695070,nucleocapsid,98.639,147,2,0,253,399,1,147,1.73e-72,257,37
AB695071,nucleocapsid,98.639,147,2,0,253,399,1,147,1.73e-72,257,37
AB695072,nucleocapsid,98.639,147,2,0,253,399,1,147,1.73e-72,257,37
AB695073,nucleocapsid,99.320,147,1,0,253,399,1,147,1.42e-73,261,37
AB695074,nucleocapsid,99.320,147,1,0,253,399,1,147,1.42e-73,261,37
AB695075,nucleocapsid,99.320,147,1,0,253,399,1,147,1.42e-73,261,37
AB695076,nucleocapsid,99.320,147,1,0,253,399,1,147,1.42e-73,261,37
AB695077,nucleocapsid,99.320,147,1,0,253,399,1,147,1.42e-73,261,37
AH013296,nucleocapsid,98.919,370,4,0,407,776,573,942,0.0,650,87
AH013296,nucleocapsid,99.673,306,1,0,1,306,133,438,1.35e-159,548,87
AY391777,nucleocapsid,100.000,1347,0,0,29104,30450,1,1347,0.0,2430,4
AY461522,nucleocapsid,100.000,1314,0,0,1,1314,9,1322,0.0,2370,100
AY585228,nucleocapsid,100.000,1347,0,0,29079,30425,1,1347,0.0,2430,4
AY585229,nucleocapsid,99.926,1347,1,0,29079,30425,1,1347,0.0,2425,4
AY903459,nucleocapsid,99.183,1347,11,0,29089,30435,1,1347,0.0,2380,4
AY903460,nucleocapsid,98.812,1347,16,0,29089,30435,1,1347,0.0,2358,4
JN129834,nucleocapsid,99.109,1347,12,0,29076,30422,1,1347,0.0,2376,4
JN129835,nucleocapsid,99.035,1347,13,0,29088,30434,1,1347,0.0,2371,4
KF512574,nucleocapsid,98.135,429,8,0,1,429,919,1347,0.0,738,77
KF512575,nucleocapsid,98.368,429,7,0,1,429,919,1347,0.0,743,77
KF512576,nucleocapsid,98.368,429,7,0,1,429,919,1347,0.0,743,77
KF512577,nucleocapsid,97.669,429,10,0,1,429,919,1347,0.0,729,77
KF512578,nucleocapsid,98.368,429,7,0,1,429,919,1347,0.0,743,77
KF512579,nucleocapsid,98.368,429,7,0,1,429,919,1347,0.0,743,77
KF512580,nucleocapsid,98.601,429,6,0,1,429,919,1347,0.0,747,77
KF512581,nucleocapsid,98.135,429,8,0,1,429,919,1347,0.0,738,77
KF512582,nucleocapsid,98.135,429,8,0,1,429,919,1347,0.0,738,77
KF512583,nucleocapsid,98.135,429,8,0,1,429,919,1347,0.0,738,77
KF512584,nucleocapsid,98.834,429,5,0,1,429,919,1347,0.0,752,77
KF512585,nucleocapsid,98.601,429,6,0,1,429,919,1347,0.0,747,77
KF512586,nucleocapsid,98.601,429,6,0,1,429,919,1347,0.0,747,77
KF512587,nucleocapsid,98.135,429,8,0,1,429,919,1347,0.0,738,77
KF512588,nucleocapsid,97.902,429,9,0,1,429,919,1347,0.0,734,77
KF512589,nucleocapsid,98.135,429,8,0,1,429,919,1347,0.0,738,77
KF512590,nucleocapsid,98.135,429,8,0,1,429,919,1347,0.0,738,77
KF512591,nucleocapsid,98.135,429,8,0,1,429,919,1347,0.0,738,77
KF512592,nucleocapsid,98.135,429,8,0,1,429,919,1347,0.0,738,77
KF512593,nucleocapsid,98.135,429,8,0,1,429,919,1347,0.0,738,77
KF512594,nucleocapsid,98.135,429,8,0,1,429,919,1347,0.0,738,77
KF512595,nucleocapsid,98.135,429,8,0,1,429,919,1347,0.0,738,77
KF512596,nucleocapsid,98.135,429,8,0,1,429,919,1347,0.0,738,77
KF512597,nucleocapsid,97.902,429,9,0,1,429,919,1347,0.0,734,77
KF512598,nucleocapsid,98.135,429,8,0,1,429,919,1347,0.0,738,77
KF512599,nucleocapsid,98.135,429,8,0,1,429,919,1347,0.0,738,77
KF512600,nucleocapsid,97.669,429,10,0,1,429,919,1347,0.0,729,77
KF512601,nucleocapsid,98.368,429,7,0,1,429,919,1347,0.0,743,77
KF512602,nucleocapsid,97.669,429,10,0,1,429,919,1347,0.0,729,77
KF512603,nucleocapsid,98.135,429,8,0,1,429,919,1347,0.0,738,77
KF512604,nucleocapsid,98.135,429,8,0,1,429,919,1347,0.0,738,77
KF512605,nucleocapsid,98.601,429,6,0,1,429,919,1347,0.0,747,77
KF512606,nucleocapsid,98.834,429,5,0,1,429,919,1347,0.0,752,77
KF512607,nucleocapsid,98.135,429,8,0,1,429,919,1347,0.0,738,77
KF512608,nucleocapsid,98.135,429,8,0,1,429,919,1347,0.0,738,77
KF512609,nucleocapsid,98.135,429,8,0,1,429,919,1347,0.0,738,77
KF512610,nucleocapsid,98.135,429,8,0,1,429,919,1347,0.0,738,77
KF512611,nucleocapsid,98.135,429,8,0,1,429,919,1347,0.0,738,77
KF512612,nucleocapsid,97.902,429,9,0,1,429,919,1347,0.0,734,77
KF512613,nucleocapsid,100.000,429,0,0,1,429,919,1347,0.0,774,77
KF524854,nucleocapsid,97.613,419,10,0,1,419,283,701,0.0,711,100
KF524855,nucleocapsid,97.596,416,10,0,1,416,286,701,0.0,706,100
KF524856,nucleocapsid,97.608,418,10,0,1,418,284,701,0.0,710,100
KF524857,nucleocapsid,97.375,419,11,0,1,419,283,701,0.0,707,100
KF524858,nucleocapsid,97.555,409,10,0,1,409,293,701,0.0,693,100
KF524859,nucleocapsid,95.696,395,17,0,1,395,288,682,0.0,636,100
KF530059,nucleocapsid,98.664,1347,18,0,29002,30348,1,1347,0.0,2349,4
KF530060,nucleocapsid,98.812,1347,16,0,29068,30414,1,1347,0.0,2358,4
KF530061,nucleocapsid,98.738,1347,17,0,29068,30414,1,1347,0.0,2353,4
KF530062,nucleocapsid,98.738,1347,17,0,29045,30391,1,1347,0.0,2353,4
KF530063,nucleocapsid,99.035,1347,13,0,29068,30414,1,1347,0.0,2371,4
KF530064,nucleocapsid,98.738,1347,17,0,29068,30414,1,1347,0.0,2353,4
KF530065,nucleocapsid,98.738,1347,17,0,29068,30414,1,1347,0.0,2353,4
KF530066,nucleocapsid,98.738,1347,17,0,29055,30401,1,1347,0.0,2353,4
KF530067,nucleocapsid,99.555,1347,6,0,29085,30431,1,1347,0.0,2403,4
KF530068,nucleocapsid,99.332,1347,9,0,29063,30409,1,1347,0.0,2389,4
KF530069,nucleocapsid,98.961,1347,14,0,29069,30415,1,1347,0.0,2367,4
KF530070,nucleocapsid,99.332,1347,9,0,29064,30410,1,1347,0.0,2389,4
KF530071,nucleocapsid,99.480,1347,7,0,29069,30415,1,1347,0.0,2398,4
KF530072,nucleocapsid,98.664,1347,18,0,29068,30414,1,1347,0.0,2349,4
KF530073,nucleocapsid,98.738,1347,17,0,29068,30414,1,1347,0.0,2353,4
KF530074,nucleocapsid,98.886,1347,15,0,29065,30411,1,1347,0.0,2362,4
KF530075,nucleocapsid,98.738,1347,17,0,29068,30414,1,1347,0.0,2353,4
KF530076,nucleocapsid,99.555,1347,6,0,29083,30429,1,1347,0.0,2403,4
KF530077,nucleocapsid,98.812,1347,16,0,29068,30414,1,1347,0.0,2358,4
KF530078,nucleocapsid,98.738,1347,17,0,29055,30401,1,1347,0.0,2353,4
KF530079,nucleocapsid,99.480,1347,7,0,29072,30418,1,1347,0.0,2398,4
KF530080,nucleocapsid,98.738,1347,17,0,29068,30414,1,1347,0.0,2353,4
KF530081,nucleocapsid,99.332,1347,9,0,29062,30408,1,1347,0.0,2389,4
KF530082,nucleocapsid,99.480,1347,7,0,29072,30418,1,1347,0.0,2398,4
KF530083,nucleocapsid,98.812,1347,16,0,29068,30414,1,1347,0.0,2358,4
KF530084,nucleocapsid,99.258,1347,10,0,29069,30415,1,1347,0.0,2385,4
KF530085,nucleocapsid,98.812,1347,16,0,29060,30406,1,1347,0.0,2358,4
KF530086,nucleocapsid,98.589,1347,19,0,29068,30414,1,1347,0.0,2344,4
KF530087,nucleocapsid,98.738,1347,17,0,29068,30414,1,1347,0.0,2353,4
KF530088,nucleocapsid,99.480,1347,7,0,29069,30415,1,1347,0.0,2398,4
KF530089,nucleocapsid,99.406,1347,8,0,29086,30432,1,1347,0.0,2394,4
KF530090,nucleocapsid,98.886,1347,15,0,29068,30414,1,1347,0.0,2362,4
KF530091,nucleocapsid,99.480,1347,7,0,29083,30429,1,1347,0.0,2398,4
KF530092,nucleocapsid,98.589,1347,19,0,29068,30414,1,1347,0.0,2344,4
KF530093,nucleocapsid,98.812,1347,16,0,28974,30320,1,1347,0.0,2358,4
KF530094,nucleocapsid,99.406,1347,8,0,29072,30418,1,1347,0.0,2394,4
KF530095,nucleocapsid,99.406,1347,8,0,29079,30425,1,1347,0.0,2394,4
KF530096,nucleocapsid,99.406,1347,8,0,29066,30412,1,1347,0.0,2394,4
KF530097,nucleocapsid,98.738,1347,17,0,29068,30414,1,1347,0.0,2353,4
KF530098,nucleocapsid,99.258,1347,10,0,29069,30415,1,1347,0.0,2385,4
KF530099,nucleocapsid,98.961,1347,14,0,29069,30415,1,1347,0.0,2367,4
KF572708,nucleocapsid,99.109,1347,12,0,1,1347,1,1347,0.0,2376,100
KF572709,nucleocapsid,98.886,1347,15,0,1,1347,1,1347,0.0,2362,100
KF572710,nucleocapsid,98.961,1347,14,0,1,1347,1,1347,0.0,2367,100
KF572711,nucleocapsid,99.109,1347,12,0,1,1347,1,1347,0.0,2376,100
KF572712,nucleocapsid,99.109,1347,12,0,1,1347,1,1347,0.0,2376,100
KF572713,nucleocapsid,99.109,1347,12,0,1,1347,1,1347,0.0,2376,100
KF572714,nucleocapsid,99.109,1347,12,0,1,1347,1,1347,0.0,2376,100
KF572715,nucleocapsid,99.035,1347,13,0,1,1347,1,1347,0.0,2371,100
KF572716,nucleocapsid,99.109,1347,12,0,1,1347,1,1347,0.0,2376,100
KF572717,nucleocapsid,99.109,1347,12,0,1,1347,1,1347,0.0,2376,100
KF572718,nucleocapsid,99.035,1347,13,0,1,1347,1,1347,0.0,2371,100
KF572719,nucleocapsid,99.109,1347,12,0,1,1347,1,1347,0.0,2376,100
KF572720,nucleocapsid,99.109,1347,12,0,1,1347,1,1347,0.0,2376,100
KF572721,nucleocapsid,99.035,1347,13,0,1,1347,1,1347,0.0,2371,100
KF572722,nucleocapsid,99.035,1347,13,0,1,1347,1,1347,0.0,2371,100
KF572723,nucleocapsid,99.109,1347,12,0,1,1347,1,1347,0.0,2376,100
KF572724,nucleocapsid,98.812,1347,16,0,1,1347,1,1347,0.0,2358,100
KF572725,nucleocapsid,98.738,1347,17,0,1,1347,1,1347,0.0,2353,100
KF572726,nucleocapsid,99.035,1347,13,0,1,1347,1,1347,0.0,2371,100
KF572727,nucleocapsid,98.812,1347,16,0,1,1347,1,1347,0.0,2358,100
KF572728,nucleocapsid,99.035,1347,13,0,1,1347,1,1347,0.0,2371,100
KF572729,nucleocapsid,98.812,1347,16,0,1,1347,1,1347,0.0,2358,100
KF572730,nucleocapsid,98.738,1347,17,0,1,1347,1,1347,0.0,2353,100
KF572731,nucleocapsid,98.961,1347,14,0,1,1347,1,1347,0.0,2367,100
KF572732,nucleocapsid,99.109,1347,12,0,1,1347,1,1347,0.0,2376,100
KF572733,nucleocapsid,99.035,1347,13,0,1,1347,1,1347,0.0,2371,100
KF572734,nucleocapsid,99.109,1347,12,0,1,1347,1,1347,0.0,2376,100
KF572735,nucleocapsid,99.035,1347,13,0,1,1347,1,1347,0.0,2371,100
KF572736,nucleocapsid,99.109,1347,12,0,1,1347,1,1347,0.0,2376,100
KF572737,nucleocapsid,99.109,1347,12,0,1,1347,1,1347,0.0,2376,100
KF572738,nucleocapsid,98.961,1347,14,0,1,1347,1,1347,0.0,2367,100
KF572739,nucleocapsid,98.515,1347,20,0,1,1347,1,1347,0.0,2340,100
KF572740,nucleocapsid,98.886,1347,15,0,1,1347,1,1347,0.0,2362,100
KF572741,nucleocapsid,98.886,1347,15,0,1,1347,1,1347,0.0,2362,100
KF572742,nucleocapsid,98.961,1347,14,0,1,1347,1,1347,0.0,2367,100
KF572743,nucleocapsid,98.961,1347,14,0,1,1347,1,1347,0.0,2367,100
KF572744,nucleocapsid,98.961,1347,14,0,1,1347,1,1347,0.0,2367,100
KF572745,nucleocapsid,98.367,1347,22,0,1,1347,1,1347,0.0,2331,100
KF572746,nucleocapsid,98.218,1347,24,0,1,1347,1,1347,0.0,2322,100
KF572747,nucleocapsid,98.218,1347,24,0,1,1347,1,1347,0.0,2322,100
KF572748,nucleocapsid,98.293,1347,23,0,1,1347,1,1347,0.0,2326,100
KF572749,nucleocapsid,98.961,1347,14,0,1,1347,1,1347,0.0,2367,100
KF572750,nucleocapsid,98.886,1347,15,0,1,1347,1,1347,0.0,2362,100
KF572751,nucleocapsid,99.109,1347,12,0,1,1347,1,1347,0.0,2376,100
KF572752,nucleocapsid,98.886,1347,15,0,1,1347,1,1347,0.0,2362,100
KF572753,nucleocapsid,99.035,1347,13,0,1,1347,1,1347,0.0,2371,100
KF572754,nucleocapsid,99.035,1347,13,0,1,1347,1,1347,0.0,2371,100
KF572755,nucleocapsid,98.961,1347,14,0,1,1347,1,1347,0.0,2367,100
KF572756,nucleocapsid,99.035,1347,13,0,1,1347,1,1347,0.0,2371,100
KF572757,nucleocapsid,99.035,1347,13,0,1,1347,1,1347,0.0,2371,100
KF572758,nucleocapsid,99.109,1347,12,0,1,1347,1,1347,0.0,2376,100
KF572759,nucleocapsid,98.961,1347,14,0,1,1347,1,1347,0.0,2367,100
KF572760,nucleocapsid,99.109,1347,12,0,1,1347,1,1347,0.0,2376,100
KF572761,nucleocapsid,99.109,1347,12,0,1,1347,1,1347,0.0,2376,100
KF572762,nucleocapsid,99.109,1347,12,0,1,1347,1,1347,0.0,2376,100
KF572763,nucleocapsid,99.109,1347,12,0,1,1347,1,1347,0.0,2376,100
KF572764,nucleocapsid,99.109,1347,12,0,1,1347,1,1347,0.0,2376,100
KF572765,nucleocapsid,99.035,1347,13,0,1,1347,1,1347,0.0,2371,100
KF572766,nucleocapsid,99.109,1347,12,0,1,1347,1,1347,0.0,2376,100
KF572767,nucleocapsid,99.109,1347,12,0,1,1347,1,1347,0.0,2376,100
KF572768,nucleocapsid,99.109,1347,12,0,1,1347,1,1347,0.0,2376,100
KF572769,nucleocapsid,99.109,1347,12,0,1,1347,1,1347,0.0,2376,100
KF572770,nucleocapsid,99.109,1347,12,0,1,1347,1,1347,0.0,2376,100
KF572771,nucleocapsid,99.109,1347,12,0,1,1347,1,1347,0.0,2376,100
KF572772,nucleocapsid,99.109,1347,12,0,1,1347,1,1347,0.0,2376,100
KF572773,nucleocapsid,99.109,1347,12,0,1,1347,1,1347,0.0,2376,100
KF572774,nucleocapsid,99.109,1347,12,0,1,1347,1,1347,0.0,2376,100
KF572775,nucleocapsid,99.109,1347,12,0,1,1347,1,1347,0.0,2376,100
KF572776,nucleocapsid,99.109,1347,12,0,1,1347,1,1347,0.0,2376,100
KF572777,nucleocapsid,99.109,1347,12,0,1,1347,1,1347,0.0,2376,100
KF572778,nucleocapsid,99.035,1347,13,0,1,1347,1,1347,0.0,2371,100
KF572779,nucleocapsid,99.109,1347,12,0,1,1347,1,1347,0.0,2376,100
KF572780,nucleocapsid,99.035,1347,13,0,1,1347,1,1347,0.0,2371,100
KF572781,nucleocapsid,99.109,1347,12,0,1,1347,1,1347,0.0,2376,100
KF572782,nucleocapsid,99.109,1347,12,0,1,1347,1,1347,0.0,2376,100
KF572783,nucleocapsid,99.035,1347,13,0,1,1347,1,1347,0.0,2371,100
KF572784,nucleocapsid,99.035,1347,13,0,1,1347,1,1347,0.0,2371,100
KF572785,nucleocapsid,99.109,1347,12,0,1,1347,1,1347,0.0,2376,100
KF572786,nucleocapsid,99.109,1347,12,0,1,1347,1,1347,0.0,2376,100
KF572787,nucleocapsid,99.109,1347,12,0,1,1347,1,1347,0.0,2376,100
KF572788,nucleocapsid,99.109,1347,12,0,1,1347,1,1347,0.0,2376,100
KF572789,nucleocapsid,99.109,1347,12,0,1,1347,1,1347,0.0,2376,100
KF572790,nucleocapsid,98.961,1347,14,0,1,1347,1,1347,0.0,2367,100
KF572791,nucleocapsid,99.109,1347,12,0,1,1347,1,1347,0.0,2376,100
KF572792,nucleocapsid,99.035,1347,13,0,1,1347,1,1347,0.0,2371,100
KF572793,nucleocapsid,99.035,1347,13,0,1,1347,1,1347,0.0,2371,100
KF572794,nucleocapsid,99.035,1347,13,0,1,1347,1,1347,0.0,2371,100
KF572795,nucleocapsid,99.109,1347,12,0,1,1347,1,1347,0.0,2376,100
KF572796,nucleocapsid,99.109,1347,12,0,1,1347,1,1347,0.0,2376,100
KF572797,nucleocapsid,98.961,1347,14,0,1,1347,1,1347,0.0,2367,100
KF572798,nucleocapsid,99.035,1347,13,0,1,1347,1,1347,0.0,2371,100
KF572799,nucleocapsid,99.035,1347,13,0,1,1347,1,1347,0.0,2371,100
KF572800,nucleocapsid,99.109,1347,12,0,1,1347,1,1347,0.0,2376,100
KF572801,nucleocapsid,99.109,1347,12,0,1,1347,1,1347,0.0,2376,100
KF572802,nucleocapsid,98.738,1347,17,0,1,1347,1,1347,0.0,2353,100
KF572803,nucleocapsid,99.109,1347,12,0,1,1347,1,1347,0.0,2376,100
KF923886,nucleocapsid,98.886,1347,15,0,29085,30431,1,1347,0.0,2362,4
KF923887,nucleocapsid,98.961,1347,14,0,29085,30431,1,1347,0.0,2367,4
KF923888,nucleocapsid,98.886,1347,15,0,29085,30431,1,1347,0.0,2362,4
KF923889,nucleocapsid,98.961,1347,14,0,29085,30431,1,1347,0.0,2367,4
KF923890,nucleocapsid,99.109,1347,12,0,29079,30425,1,1347,0.0,2376,4
KF923891,nucleocapsid,99.109,1347,12,0,29079,30425,1,1347,0.0,2376,4
KF923892,nucleocapsid,99.109,1347,12,0,29079,30425,1,1347,0.0,2376,4
KF923893,nucleocapsid,99.109,1347,12,0,29079,30425,1,1347,0.0,2376,4
KF923894,nucleocapsid,99.109,1347,12,0,29079,30425,1,1347,0.0,2376,4
KF923895,nucleocapsid,99.109,1347,12,0,29097,30443,1,1347,0.0,2376,4
KF923896,nucleocapsid,98.218,1347,24,0,29103,30449,1,1347,0.0,2322,4
KF923897,nucleocapsid,99.035,1347,13,0,29077,30423,1,1347,0.0,2371,4
KF923898,nucleocapsid,98.738,1347,14,1,29085,30428,1,1347,0.0,2351,4
KF923899,nucleocapsid,99.109,1347,12,0,29088,30434,1,1347,0.0,2376,4
KF923900,nucleocapsid,99.109,1347,12,0,29088,30434,1,1347,0.0,2376,4
KF923901,nucleocapsid,99.109,1347,12,0,29079,30425,1,1347,0.0,2376,4
KF923902,nucleocapsid,98.738,1347,17,0,29079,30425,1,1347,0.0,2353,4
KF923903,nucleocapsid,99.035,1347,13,0,29079,30425,1,1347,0.0,2371,4
KF923904,nucleocapsid,98.812,1347,16,0,29079,30425,1,1347,0.0,2358,4
KF923905,nucleocapsid,99.035,1347,13,0,29088,30434,1,1347,0.0,2371,4
KF923906,nucleocapsid,98.293,1347,23,0,29103,30449,1,1347,0.0,2326,4
KF923907,nucleocapsid,99.109,1347,12,0,29079,30425,1,1347,0.0,2376,4
KF923908,nucleocapsid,99.109,1347,12,0,29079,30425,1,1347,0.0,2376,4
KF923909,nucleocapsid,99.109,1347,12,0,29079,30425,1,1347,0.0,2376,4
KF923910,nucleocapsid,99.109,1347,12,0,29079,30425,1,1347,0.0,2376,4
KF923911,nucleocapsid,99.109,1347,12,0,29079,30425,1,1347,0.0,2376,4
KF923912,nucleocapsid,99.109,1347,12,0,29079,30425,1,1347,0.0,2376,4
KF923913,nucleocapsid,99.109,1347,12,0,29079,30425,1,1347,0.0,2376,4
KF923914,nucleocapsid,99.035,1347,13,0,29079,30425,1,1347,0.0,2371,4
KF923915,nucleocapsid,99.109,1347,12,0,29079,30425,1,1347,0.0,2376,4
KF923916,nucleocapsid,99.035,1347,13,0,29079,30425,1,1347,0.0,2371,4
KF923917,nucleocapsid,99.109,1347,12,0,29079,30425,1,1347,0.0,2376,4
KF923918,nucleocapsid,98.886,1347,15,0,29079,30425,1,1347,0.0,2362,4
KF923919,nucleocapsid,99.109,1347,12,0,29079,30425,1,1347,0.0,2376,4
KF923920,nucleocapsid,99.109,1347,12,0,29079,30425,1,1347,0.0,2376,4
KF923921,nucleocapsid,99.035,1347,13,0,29079,30425,1,1347,0.0,2371,4
KF923922,nucleocapsid,99.035,1347,13,0,29079,30425,1,1347,0.0,2371,4
KF923923,nucleocapsid,98.961,1347,14,0,29079,30425,1,1347,0.0,2367,4
KF923924,nucleocapsid,99.109,1347,12,0,29079,30425,1,1347,0.0,2376,4
KF923925,nucleocapsid,99.109,1347,12,0,29079,30425,1,1347,0.0,2376,4
KF963197,nucleocapsid,99.852,1347,2,0,1,1347,1,1347,0.0,2421,100
KF963198,nucleocapsid,99.183,1347,11,0,1,1347,1,1347,0.0,2380,100
KF963199,nucleocapsid,98.515,1347,20,0,1,1347,1,1347,0.0,2340,100
KF963200,nucleocapsid,98.961,1347,14,0,1,1347,1,1347,0.0,2367,100
KF963201,nucleocapsid,98.589,1347,19,0,1,1347,1,1347,0.0,2344,100
KF963202,nucleocapsid,99.183,1347,11,0,1,1347,1,1347,0.0,2380,100
KF963203,nucleocapsid,98.886,1347,15,0,1,1347,1,1347,0.0,2362,100
KF963204,nucleocapsid,98.515,1347,20,0,1,1347,1,1347,0.0,2340,100
KF963205,nucleocapsid,98.961,1347,14,0,1,1347,1,1347,0.0,2367,100
KF963206,nucleocapsid,98.441,1347,21,0,1,1347,1,1347,0.0,2335,100
KF963207,nucleocapsid,98.441,1347,21,0,1,1347,1,1347,0.0,2335,100
KF963208,nucleocapsid,99.109,1347,12,0,1,1347,1,1347,0.0,2376,100
KF963209,nucleocapsid,98.367,1347,22,0,1,1347,1,1347,0.0,2331,100
KF963210,nucleocapsid,98.812,1347,16,0,1,1347,1,1347,0.0,2358,100
KF963211,nucleocapsid,98.886,1347,15,0,1,1347,1,1347,0.0,2362,100
KF963212,nucleocapsid,98.961,1347,14,0,1,1347,1,1347,0.0,2367,100
KJ958218,nucleocapsid,98.961,1347,14,0,29080,30426,1,1347,0.0,2367,4
KJ958219,nucleocapsid,98.886,1347,15,0,29080,30426,1,1347,0.0,2362,4
KP113656,nucleocapsid,97.289,627,17,0,1,627,271,897,0.0,1055,100
KP113657,nucleocapsid,92.117,444,35,0,1,444,448,891,0.0,644,100
KP128899,nucleocapsid,89.865,444,45,0,1,444,172,615,4.82e-175,599,100
KP128900,nucleocapsid,99.405,672,4,0,1,672,223,894,0.0,1195,100
KP128901,nucleocapsid,99.405,672,4,0,1,672,223,894,0.0,1195,100
KP128902,nucleocapsid,99.405,672,4,0,1,672,223,894,0.0,1195,100
KP128903,nucleocapsid,99.107,672,6,0,1,672,223,894,0.0,1186,100
KP128904,nucleocapsid,99.256,672,5,0,1,672,223,894,0.0,1190,100
KP128905,nucleocapsid,100.000,672,0,0,1,672,223,894,0.0,1213,100
KP128906,nucleocapsid,99.851,672,1,0,1,672,223,894,0.0,1208,100
KP128907,nucleocapsid,99.702,672,2,0,1,672,223,894,0.0,1204,100
KP128908,nucleocapsid,97.173,672,19,0,1,672,223,894,0.0,1127,100
KP128909,nucleocapsid,99.405,672,4,0,1,672,223,894,0.0,1195,100
KP128910,nucleocapsid,99.256,672,5,0,1,672,223,894,0.0,1190,100
KP128911,nucleocapsid,100.000,672,0,0,1,672,223,894,0.0,1213,100
KP128912,nucleocapsid,99.702,672,2,0,1,672,223,894,0.0,1204,100
KP128913,nucleocapsid,99.405,672,4,0,1,672,223,894,0.0,1195,100
KP128914,nucleocapsid,98.512,672,10,0,1,672,223,894,0.0,1168,100
KP128915,nucleocapsid,98.363,672,11,0,1,672,223,894,0.0,1163,100
KP198610,nucleocapsid,98.367,1347,22,0,29102,30448,1,1347,0.0,2331,4
KP198611,nucleocapsid,98.589,1347,19,0,29102,30448,1,1347,0.0,2344,4
KR055599,nucleocapsid,98.810,1344,16,0,1,1344,1,1344,0.0,2352,100
KR055600,nucleocapsid,98.958,1344,14,0,1,1344,1,1344,0.0,2361,100
KR055601,nucleocapsid,98.958,1344,14,0,1,1344,1,1344,0.0,2361,100
KR055602,nucleocapsid,98.735,1344,17,0,1,1344,1,1344,0.0,2348,100
KR055603,nucleocapsid,98.884,1344,15,0,1,1344,1,1344,0.0,2357,100
KR055604,nucleocapsid,99.033,1344,13,0,1,1344,1,1344,0.0,2366,100
KR055605,nucleocapsid,99.033,1344,13,0,1,1344,1,1344,0.0,2366,100
KR055606,nucleocapsid,98.735,1344,17,0,1,1344,1,1344,0.0,2348,100
KR055607,nucleocapsid,98.810,1344,16,0,1,1344,1,1344,0.0,2352,100
KR055608,nucleocapsid,99.033,1344,13,0,1,1344,1,1344,0.0,2366,100
KR055609,nucleocapsid,98.958,1344,14,0,1,1344,1,1344,0.0,2361,100
KR055610,nucleocapsid,98.958,1344,14,0,1,1344,1,1344,0.0,2361,100
KR055611,nucleocapsid,99.033,1344,13,0,1,1344,1,1344,0.0,2366,100
KR055612,nucleocapsid,98.958,1344,14,0,1,1344,1,1344,0.0,2361,100
KR055613,nucleocapsid,98.810,1344,16,0,1,1344,1,1344,0.0,2352,100
KR055614,nucleocapsid,98.884,1344,15,0,1,1344,1,1344,0.0,2357,100
KR055615,nucleocapsid,98.810,1344,16,0,1,1344,1,1344,0.0,2352,100
KR055616,nucleocapsid,99.033,1344,13,0,1,1344,1,1344,0.0,2366,100
KR055617,nucleocapsid,98.958,1344,14,0,1,1344,1,1344,0.0,2361,100
KR055618,nucleocapsid,98.958,1344,14,0,1,1344,1,1344,0.0,2361,100
KR055619,nucleocapsid,98.884,1344,15,0,1,1344,1,1344,0.0,2357,100
KR055620,nucleocapsid,98.810,1344,16,0,1,1344,1,1344,0.0,2352,100
KR055621,nucleocapsid,98.810,1344,16,0,1,1344,1,1344,0.0,2352,100
KU131570,nucleocapsid,98.144,1347,25,0,29095,30441,1,1347,0.0,2317,4
KU745565,nucleocapsid,98.738,1347,17,0,1,1347,1,1347,0.0,2353,100
KU745566,nucleocapsid,98.812,1347,16,0,1,1347,1,1347,0.0,2358,100
KU745567,nucleocapsid,98.812,1347,16,0,1,1347,1,1347,0.0,2358,100
KU745568,nucleocapsid,98.812,1347,16,0,1,1347,1,1347,0.0,2358,100
KU745569,nucleocapsid,98.738,1347,17,0,1,1347,1,1347,0.0,2353,100
KU745570,nucleocapsid,98.738,1347,17,0,1,1347,1,1347,0.0,2353,100
KU745571,nucleocapsid,98.738,1347,17,0,1,1347,1,1347,0.0,2353,100
KU745572,nucleocapsid,98.515,1347,17,1,1,1344,1,1347,0.0,2338,100
KU745573,nucleocapsid,98.589,1347,16,1,1,1344,1,1347,0.0,2342,100
KU745574,nucleocapsid,98.664,1347,18,0,1,1347,1,1347,0.0,2349,100
KU745575,nucleocapsid,98.738,1347,17,0,1,1347,1,1347,0.0,2353,100
KU745576,nucleocapsid,98.738,1347,17,0,1,1347,1,1347,0.0,2353,100
KU745577,nucleocapsid,98.738,1347,17,0,1,1347,1,1347,0.0,2353,100
KU745578,nucleocapsid,98.664,1347,15,1,1,1344,1,1347,0.0,2347,100
KU745579,nucleocapsid,98.664,1347,18,0,1,1347,1,1347,0.0,2349,100
KU745580,nucleocapsid,98.738,1347,17,0,1,1347,1,1347,0.0,2353,100
KX344031,nucleocapsid,98.812,1347,16,0,29079,30425,1,1347,0.0,2358,4
KX538964,nucleocapsid,98.812,1347,16,0,29079,30425,1,1347,0.0,2358,4
KX538965,nucleocapsid,98.961,1347,14,0,29082,30428,1,1347,0.0,2367,4
KX538966,nucleocapsid,98.738,1347,17,0,29079,30425,1,1347,0.0,2353,4
KX538967,nucleocapsid,98.886,1347,15,0,29082,30428,1,1347,0.0,2364,4
KX538968,nucleocapsid,99.035,1347,13,0,29082,30428,1,1347,0.0,2371,4
KX538969,nucleocapsid,99.035,1347,13,0,29082,30428,1,1347,0.0,2371,4
KX538970,nucleocapsid,98.738,1347,17,0,29079,30425,1,1347,0.0,2353,4
KX538971,nucleocapsid,99.035,1347,13,0,29082,30428,1,1347,0.0,2371,4
KX538972,nucleocapsid,98.812,1347,16,0,29079,30425,1,1347,0.0,2358,4
KX538973,nucleocapsid,99.035,1347,13,0,29082,30428,1,1347,0.0,2371,4
KX538974,nucleocapsid,98.961,1347,14,0,29082,30428,1,1347,0.0,2367,4
KX538975,nucleocapsid,98.812,1347,16,0,29082,30428,1,1347,0.0,2358,4
KX538976,nucleocapsid,98.812,1347,16,0,29079,30425,1,1347,0.0,2358,4
KX538977,nucleocapsid,99.035,1347,13,0,29082,30428,1,1347,0.0,2371,4
KX538978,nucleocapsid,98.812,1347,16,0,29079,30425,1,1347,0.0,2358,4
KX538979,nucleocapsid,98.812,1347,16,0,29079,30425,1,1347,0.0,2358,4
KY014281,nucleocapsid,98.589,1347,19,0,29002,30348,1,1347,0.0,2344,4
KY014282,nucleocapsid,98.367,1347,22,0,29073,30419,1,1347,0.0,2333,4
KY369905,nucleocapsid,98.738,1347,17,0,29072,30418,1,1347,0.0,2353,4
KY369906,nucleocapsid,98.664,1347,18,0,29072,30418,1,1347,0.0,2349,4
KY369907,nucleocapsid,98.738,1347,17,0,29091,30437,1,1347,0.0,2353,4
KY554972,nucleocapsid,98.812,1347,16,0,29079,30425,1,1347,0.0,2358,4
KY554973,nucleocapsid,98.812,1347,16,0,29079,30425,1,1347,0.0,2358,4
KY554974,nucleocapsid,99.109,1347,12,0,29079,30425,1,1347,0.0,2376,4
KY554975,nucleocapsid,99.109,1347,12,0,29079,30425,1,1347,0.0,2376,4
KY674917,nucleocapsid,98.812,1347,16,0,29060,30406,1,1347,0.0,2358,4
KY674918,nucleocapsid,98.812,1347,16,0,29041,30387,1,1347,0.0,2358,4
KY674920,nucleocapsid,99.109,1347,12,0,28987,30333,1,1347,0.0,2376,4
KY684759,nucleocapsid,98.664,1347,18,0,29053,30399,1,1347,0.0,2349,4
KY967356,nucleocapsid,98.515,1347,20,0,29041,30387,1,1347,0.0,2340,4
KY967358,nucleocapsid,98.664,1347,18,0,29053,30399,1,1347,0.0,2349,4
KY967359,nucleocapsid,98.664,1347,18,0,29059,30405,1,1347,0.0,2349,4
KY967360,nucleocapsid,98.144,1347,25,0,29064,30410,1,1347,0.0,2317,4
KY967361,nucleocapsid,98.738,1347,17,0,29053,30399,1,1347,0.0,2353,4
KY983583,nucleocapsid,98.664,1347,18,0,29053,30399,1,1347,0.0,2349,4
KY983585,nucleocapsid,98.589,1347,19,0,29057,30403,1,1347,0.0,2344,4
KY983588,nucleocapsid,98.738,1347,17,0,29053,30399,1,1347,0.0,2353,4
LC315646,nucleocapsid,98.738,1347,17,0,29102,30448,1,1347,0.0,2353,4
LC315647,nucleocapsid,98.738,1347,17,0,29083,30429,1,1347,0.0,2353,4
LC315648,nucleocapsid,98.589,1347,19,0,29080,30426,1,1347,0.0,2344,4
LC315649,nucleocapsid,98.367,1347,22,0,29103,30449,1,1347,0.0,2331,4
LC543627,nucleocapsid,98.812,1347,16,0,302,1648,1,1347,0.0,2358,74
LC543628,nucleocapsid,98.812,1347,16,0,302,1648,1,1347,0.0,2358,74
LC543629,nucleocapsid,98.812,1347,16,0,302,1648,1,1347,0.0,2358,74
LC543630,nucleocapsid,99.035,1347,13,0,302,1648,1,1347,0.0,2371,74
LC543631,nucleocapsid,98.812,1347,16,0,302,1648,1,1347,0.0,2358,74
LC654450,nucleocapsid,98.218,1347,24,0,29090,30436,1,1347,0.0,2322,4
LC654451,nucleocapsid,98.738,1347,17,0,29109,30455,1,1347,0.0,2353,4
LC654452,nucleocapsid,98.738,1347,17,0,29109,30455,1,1347,0.0,2353,4
LC654453,nucleocapsid,98.515,1347,17,1,29082,30425,1,1347,0.0,2338,4
LC654454,nucleocapsid,98.738,1347,17,0,29106,30452,1,1347,0.0,2353,4
LC654456,nucleocapsid,98.144,1347,25,0,29103,30449,1,1347,0.0,2317,4
LC687398,nucleocapsid,98.589,1347,19,0,29039,30385,1,1347,0.0,2344,4
LC687399,nucleocapsid,98.738,1347,17,0,29043,30389,1,1347,0.0,2353,4
LC687400,nucleocapsid,98.738,1347,17,0,29059,30405,1,1347,0.0,2353,4
LC720427,nucleocapsid,98.738,1347,17,0,29080,30426,1,1347,0.0,2353,4
LC720429,nucleocapsid,98.738,1347,17,0,29060,30406,1,1347,0.0,2353,4
LC756669,nucleocapsid,98.441,1347,18,1,29087,30430,1,1347,0.0,2333,4
LC756670,nucleocapsid,98.515,1347,17,1,29087,30430,1,1347,0.0,2338,4
LC817383,nucleocapsid,98.515,1347,17,1,29025,30368,1,1347,0.0,2338,4
LC823190,nucleocapsid,98.515,1347,17,1,29080,30423,1,1347,0.0,2338,4
LC823191,nucleocapsid,98.515,1347,17,1,29080,30423,1,1347,0.0,2338,4
LC823192,nucleocapsid,98.367,1347,22,0,29077,30423,1,1347,0.0,2331,4
LC823193,nucleocapsid,98.367,1347,22,0,29077,30423,1,1347,0.0,2331,4
MF314143,nucleocapsid,98.218,1347,24,0,29103,30449,1,1347,0.0,2322,4
MF374983,nucleocapsid,98.664,1347,18,0,29086,30432,1,1347,0.0,2349,4
MF374984,nucleocapsid,98.738,1347,17,0,29095,30441,1,1347,0.0,2353,4
MF374985,nucleocapsid,98.664,1347,18,0,29087,30433,1,1347,0.0,2349,4
MG197709,nucleocapsid,98.664,1347,15,1,28993,30336,1,1347,0.0,2347,4
MG197710,nucleocapsid,98.664,1347,18,0,28984,30330,1,1347,0.0,2349,4
MG197711,nucleocapsid,98.589,1347,13,2,28997,30337,1,1347,0.0,2341,4
MG197712,nucleocapsid,98.738,1347,17,0,28983,30329,1,1347,0.0,2353,4
MG197713,nucleocapsid,98.812,1347,16,0,28991,30337,1,1347,0.0,2358,4
MG197714,nucleocapsid,98.515,1347,17,1,29007,30350,1,1347,0.0,2338,4
MG197715,nucleocapsid,98.738,1347,17,0,29004,30350,1,1347,0.0,2353,4
MG197716,nucleocapsid,98.738,1347,17,0,29004,30350,1,1347,0.0,2353,4
MG197717,nucleocapsid,98.664,1347,18,0,29001,30347,1,1347,0.0,2349,4
MG197718,nucleocapsid,98.812,1347,13,1,28989,30332,1,1347,0.0,2356,4
MG197719,nucleocapsid,98.589,1347,16,1,28978,30321,1,1347,0.0,2342,4
MG197720,nucleocapsid,98.812,1347,13,1,28999,30342,1,1347,0.0,2356,4
MG197721,nucleocapsid,98.812,1347,13,1,28986,30329,1,1347,0.0,2356,4
MG197722,nucleocapsid,98.664,1347,18,0,28970,30316,1,1347,0.0,2349,4
MG197723,nucleocapsid,98.738,1347,17,0,29012,30358,1,1347,0.0,2353,4
MG977444,nucleocapsid,98.589,1347,19,0,28950,30296,1,1347,0.0,2344,4
MG977445,nucleocapsid,98.589,1347,19,0,29045,30391,1,1347,0.0,2344,4
MG977446,nucleocapsid,98.589,1347,19,0,28896,30242,1,1347,0.0,2344,4
MG977447,nucleocapsid,98.589,1347,19,0,29071,30417,1,1347,0.0,2344,4
MG977448,nucleocapsid,98.589,1347,19,0,28905,30251,1,1347,0.0,2344,4
MG977449,nucleocapsid,98.589,1347,19,0,29087,30433,1,1347,0.0,2344,4
MG977450,nucleocapsid,98.589,1347,19,0,28936,30282,1,1347,0.0,2344,4
MG977451,nucleocapsid,98.664,1347,18,0,29088,30434,1,1347,0.0,2351,4
MG977452,nucleocapsid,98.589,1347,19,0,29070,30416,1,1347,0.0,2344,4
MH121121,nucleocapsid,98.664,1347,18,0,29088,30434,1,1347,0.0,2349,4
MH828490,nucleocapsid,98.515,1347,17,1,29085,30428,1,1347,0.0,2338,4
MK303619,nucleocapsid,98.886,1347,15,0,29058,30404,1,1347,0.0,2362,4
MK303620,nucleocapsid,98.664,1347,18,0,29059,30405,1,1347,0.0,2349,4
MK303621,nucleocapsid,99.035,1347,13,0,29058,30404,1,1347,0.0,2371,4
MK303622,nucleocapsid,98.738,1347,17,0,29059,30405,1,1347,0.0,2353,4
MK303623,nucleocapsid,98.961,1347,14,0,29058,30404,1,1347,0.0,2367,4
MK303624,nucleocapsid,98.812,1347,16,0,29058,30404,1,1347,0.0,2358,4
MK303625,nucleocapsid,98.738,1347,14,1,29065,30408,1,1347,0.0,2351,4
MK327281,nucleocapsid,97.996,1347,27,0,29082,30428,1,1347,0.0,2308,4
MN026164,nucleocapsid,98.441,1347,21,0,29145,30491,1,1347,0.0,2335,4
MN026165,nucleocapsid,98.144,1347,25,0,28719,30065,1,1347,0.0,2317,4
MN306036,nucleocapsid,98.738,1347,17,0,29053,30399,1,1347,0.0,2353,4
MN306041,nucleocapsid,98.738,1347,17,0,29088,30434,1,1347,0.0,2353,4
MN306042,nucleocapsid,98.738,1347,17,0,29087,30433,1,1347,0.0,2353,4
MN306043,nucleocapsid,98.515,1347,17,1,29083,30426,1,1347,0.0,2338,4
MN306053,nucleocapsid,98.738,1347,17,0,29182,30528,1,1347,0.0,2353,5
MN306053,nucleocapsid,100.000,53,0,0,3,55,53,1,2.83e-22,96.9,5
MN310476,nucleocapsid,98.886,1347,15,0,29053,30399,1,1347,0.0,2362,4
MN310478,nucleocapsid,98.664,1347,18,0,29053,30399,1,1347,0.0,2349,4
MN488609,nucleocapsid,98.738,1347,17,0,1,1347,1,1347,0.0,2353,100
MN488610,nucleocapsid,98.761,1291,16,0,5,1295,57,1347,0.0,2257,99
MN488611,nucleocapsid,98.812,1347,16,0,1,1347,1,1347,0.0,2358,100
MN488612,nucleocapsid,98.961,1347,14,0,1,1347,1,1347,0.0,2367,100
MN488613,nucleocapsid,99.109,1347,12,0,1,1347,1,1347,0.0,2376,100
MN488614,nucleocapsid,99.035,1347,13,0,1,1347,1,1347,0.0,2371,100
MN488615,nucleocapsid,98.664,1347,18,0,1,1347,1,1347,0.0,2349,100
MN488616,nucleocapsid,98.493,1327,20,0,1,1327,21,1347,0.0,2304,100
MT118667,nucleocapsid,98.738,1347,17,0,29091,30437,1,1347,0.0,2353,4
MT118668,nucleocapsid,98.886,1347,15,0,29088,30434,1,1347,0.0,2362,4
MT118671,nucleocapsid,98.070,1347,26,0,29064,30410,1,1347,0.0,2313,4
MT118672,nucleocapsid,98.070,1347,26,0,29015,30361,1,1347,0.0,2313,4
MT118673,nucleocapsid,98.738,1347,17,0,29088,30434,1,1347,0.0,2353,4
MT118678,nucleocapsid,98.738,1347,17,0,29091,30437,1,1347,0.0,2353,4
MT118683,nucleocapsid,98.589,1347,19,0,29088,30434,1,1347,0.0,2344,4
MT118685,nucleocapsid,98.738,1347,17,0,29088,30434,1,1347,0.0,2353,4
MT118692,nucleocapsid,98.812,1347,16,0,29004,30350,1,1347,0.0,2358,4
MW052042,nucleocapsid,98.441,1347,18,1,29047,30390,1,1347,0.0,2333,4
MW411432,nucleocapsid,98.664,1347,18,0,29088,30434,1,1347,0.0,2349,4
MW411433,nucleocapsid,98.664,1347,18,0,29088,30434,1,1347,0.0,2349,4
MW532108,nucleocapsid,98.441,1347,18,1,29042,30385,1,1347,0.0,2333,4
MW532109,nucleocapsid,98.367,1347,19,1,29042,30385,1,1347,0.0,2329,4
MW532110,nucleocapsid,99.183,1347,11,0,29054,30400,1,1347,0.0,2380,4
MW532111,nucleocapsid,99.109,1347,12,0,29054,30400,1,1347,0.0,2376,4
MW532112,nucleocapsid,99.035,1347,13,0,29054,30400,1,1347,0.0,2371,4
MW532113,nucleocapsid,98.664,1347,18,0,29066,30412,1,1347,0.0,2349,4
MW532114,nucleocapsid,98.515,1347,20,0,29066,30412,1,1347,0.0,2340,4
MW532115,nucleocapsid,98.664,1347,18,0,29066,30412,1,1347,0.0,2349,4
MW532116,nucleocapsid,98.961,1347,14,0,29060,30406,1,1347,0.0,2367,4
MW532117,nucleocapsid,98.738,1347,17,0,29066,30412,1,1347,0.0,2353,4
MW532118,nucleocapsid,98.738,1347,17,0,29066,30412,1,1347,0.0,2353,4
MW532119,nucleocapsid,91.463,1347,115,0,29066,30412,1,1347,0.0,1911,4
MW559057,nucleocapsid,98.738,1347,17,0,29080,30426,1,1347,0.0,2353,4
MW587040,nucleocapsid,98.738,1347,17,0,29093,30439,1,1347,0.0,2353,4
MW587041,nucleocapsid,98.738,1347,17,0,29063,30409,1,1347,0.0,2353,4
MW587042,nucleocapsid,98.738,1347,17,0,29093,30439,1,1347,0.0,2353,4
MW938760,nucleocapsid,98.664,1347,18,0,29092,30438,1,1347,0.0,2349,4
MZ221192,nucleocapsid,98.738,1347,17,0,29039,30385,1,1347,0.0,2353,4
MZ450972,nucleocapsid,98.515,1347,20,0,29069,30415,1,1347,0.0,2340,4
NC_006213,nucleocapsid,100.000,1347,0,0,29079,30425,1,1347,0.0,2430,4
OK073087,nucleocapsid,98.738,1347,17,0,29080,30426,1,1347,0.0,2353,4
OK073088,nucleocapsid,98.738,1347,17,0,29080,30426,1,1347,0.0,2353,4
OK073089,nucleocapsid,98.589,1347,16,1,29086,30429,1,1347,0.0,2342,4
OK073090,nucleocapsid,98.589,1347,19,0,29092,30438,1,1347,0.0,2344,4
OK073091,nucleocapsid,98.664,1347,15,1,29086,30429,1,1347,0.0,2347,4
OK073092,nucleocapsid,98.664,1347,15,1,28956,30299,1,1347,0.0,2347,4
OK318917,nucleocapsid,98.664,1347,18,0,29051,30397,1,1347,0.0,2349,4
OK318918,nucleocapsid,98.664,1347,18,0,29053,30399,1,1347,0.0,2349,4
OK318939,nucleocapsid,98.441,1347,18,1,29071,30414,1,1347,0.0,2333,4
OK318940,nucleocapsid,98.515,1347,17,1,29080,30423,1,1347,0.0,2338,4
OK318941,nucleocapsid,98.515,1347,17,1,29059,30402,1,1347,0.0,2338,4
OK318942,nucleocapsid,98.441,1347,18,1,29079,30422,1,1347,0.0,2333,4
OK318943,nucleocapsid,98.441,1347,18,1,29079,30422,1,1347,0.0,2333,4
OK318944,nucleocapsid,98.515,1347,17,1,29074,30417,1,1347,0.0,2338,4
OK318945,nucleocapsid,97.996,1347,27,0,29012,30358,1,1347,0.0,2316,4
OK318946,nucleocapsid,98.738,1347,17,0,29038,30384,1,1347,0.0,2353,4
OK318947,nucleocapsid,98.515,1347,20,0,29069,30415,1,1347,0.0,2340,4
OK391221,nucleocapsid,95.174,1347,17,2,28383,29681,1,1347,0.0,2171,4
OK391222,nucleocapsid,97.996,1347,18,2,27718,29055,1,1347,0.0,2307,5
OK391223,nucleocapsid,98.738,1347,17,0,28337,29683,1,1347,0.0,2353,5
OK391224,nucleocapsid,98.515,1347,17,1,28750,30093,1,1347,0.0,2338,4
OK391225,nucleocapsid,98.441,1347,18,1,29065,30408,1,1347,0.0,2333,4
OK391226,nucleocapsid,98.441,1347,18,1,29065,30408,1,1347,0.0,2333,4
OK391227,nucleocapsid,98.738,1347,17,0,29035,30381,1,1347,0.0,2353,4
OK391228,nucleocapsid,98.664,1347,18,0,28861,30207,1,1347,0.0,2349,4
OK391229,nucleocapsid,98.589,1347,16,1,29049,30392,1,1347,0.0,2342,4
OK391230,nucleocapsid,98.688,1296,17,0,27729,29024,1,1296,0.0,2261,4
OK391238,nucleocapsid,97.996,1347,27,0,29050,30396,1,1347,0.0,2315,4
OK500297,nucleocapsid,98.664,1347,18,0,29050,30396,1,1347,0.0,2349,4
OK500298,nucleocapsid,98.664,1347,18,0,29068,30414,1,1347,0.0,2349,4
OK500299,nucleocapsid,97.699,1347,31,0,29049,30395,1,1347,0.0,2300,4
OK500300,nucleocapsid,96.511,1347,47,0,29041,30387,1,1347,0.0,2244,4
OK500301,nucleocapsid,98.144,1347,25,0,29068,30414,1,1347,0.0,2317,4
OK500301,nucleocapsid,100.000,20,0,0,29907,29926,854,835,2.31e-04,37.4,4
OK500302,nucleocapsid,98.738,1347,17,0,29066,30412,1,1347,0.0,2353,4
OK500303,nucleocapsid,98.589,1347,19,0,29062,30408,1,1347,0.0,2344,4
OK500304,nucleocapsid,98.738,1347,17,0,29069,30415,1,1347,0.0,2353,4
OK500305,nucleocapsid,98.738,1347,17,0,29062,30408,1,1347,0.0,2353,4
OK662397,nucleocapsid,99.926,1347,1,0,29069,30415,1,1347,0.0,2425,4
OL770287,nucleocapsid,98.738,1347,17,0,29059,30405,1,1347,0.0,2353,4
OL770288,nucleocapsid,98.738,1347,17,0,29059,30405,1,1347,0.0,2353,4
OL770289,nucleocapsid,98.738,1347,17,0,29059,30405,1,1347,0.0,2353,4
OM386794,nucleocapsid,98.589,1347,19,0,29088,30434,1,1347,0.0,2344,4
OM386795,nucleocapsid,98.664,1347,18,0,29088,30434,1,1347,0.0,2349,4
OM386796,nucleocapsid,98.441,1347,21,0,29088,30434,1,1347,0.0,2335,4
OM386797,nucleocapsid,98.441,1347,21,0,29088,30434,1,1347,0.0,2335,4
OM386798,nucleocapsid,98.664,1347,18,0,29088,30434,1,1347,0.0,2349,4
OM386799,nucleocapsid,98.664,1347,18,0,29088,30434,1,1347,0.0,2349,4
ON376724,nucleocapsid,99.926,1347,1,0,29112,30458,1,1347,0.0,2425,4
ON376725,nucleocapsid,99.852,1347,2,0,29112,30458,1,1347,0.0,2421,4
ON461794,nucleocapsid,98.664,1347,18,0,29075,30421,1,1347,0.0,2349,4
ON461795,nucleocapsid,98.738,1347,17,0,29079,30425,1,1347,0.0,2353,4
ON461796,nucleocapsid,98.738,1347,17,0,29028,30374,1,1347,0.0,2353,4
ON461797,nucleocapsid,98.664,1347,18,0,29076,30422,1,1347,0.0,2349,4
ON461798,nucleocapsid,98.664,1347,18,0,29079,30425,1,1347,0.0,2349,4
ON554023,nucleocapsid,98.738,1347,17,0,29054,30400,1,1347,0.0,2353,4
ON554024,nucleocapsid,98.738,1347,17,0,29065,30411,1,1347,0.0,2353,4
ON554025,nucleocapsid,98.738,1347,17,0,29065,30411,1,1347,0.0,2353,4
ON554026,nucleocapsid,98.664,1347,18,0,29107,30453,1,1347,0.0,2349,4
ON554027,nucleocapsid,98.738,1347,17,0,29039,30385,1,1347,0.0,2353,4
ON554028,nucleocapsid,98.738,1347,17,0,29054,30400,1,1347,0.0,2353,4
ON554029,nucleocapsid,98.664,1347,18,0,29056,30402,1,1347,0.0,2349,4
ON554030,nucleocapsid,98.664,1347,18,0,29109,30455,1,1347,0.0,2349,4
ON554031,nucleocapsid,98.664,1347,18,0,29071,30417,1,1347,0.0,2349,4
ON554032,nucleocapsid,98.738,1347,17,0,29039,30385,1,1347,0.0,2353,4
ON554033,nucleocapsid,98.738,1347,17,0,29056,30402,1,1347,0.0,2353,4
ON554034,nucleocapsid,98.738,1347,17,0,29054,30400,1,1347,0.0,2353,4
ON554035,nucleocapsid,98.664,1347,18,0,29066,30412,1,1347,0.0,2349,4
ON554036,nucleocapsid,98.664,1347,18,0,29107,30453,1,1347,0.0,2349,4
ON554037,nucleocapsid,98.441,1347,21,0,29066,30412,1,1347,0.0,2335,4
ON554038,nucleocapsid,98.293,1347,23,0,29082,30428,1,1347,0.0,2326,4
ON554039,nucleocapsid,98.738,1347,17,0,29058,30404,1,1347,0.0,2353,4
ON554040,nucleocapsid,98.738,1347,17,0,29074,30420,1,1347,0.0,2353,4
ON554041,nucleocapsid,98.738,1347,17,0,29070,30416,1,1347,0.0,2353,4
ON554042,nucleocapsid,98.738,1347,17,0,29045,30391,1,1347,0.0,2353,4
ON554043,nucleocapsid,98.664,1347,18,0,29073,30419,1,1347,0.0,2349,4
ON554044,nucleocapsid,98.589,1347,16,1,29025,30368,1,1347,0.0,2342,4
ON554045,nucleocapsid,98.738,1347,17,0,29081,30427,1,1347,0.0,2353,4
ON554046,nucleocapsid,98.738,1347,17,0,29107,30453,1,1347,0.0,2353,4
ON554047,nucleocapsid,98.738,1347,17,0,29051,30397,1,1347,0.0,2353,4
ON554048,nucleocapsid,98.738,1347,17,0,29073,30419,1,1347,0.0,2353,4
ON554049,nucleocapsid,98.664,1347,18,0,29067,30413,1,1347,0.0,2349,4
ON554050,nucleocapsid,98.515,1347,20,0,29050,30396,1,1347,0.0,2340,4
ON554051,nucleocapsid,98.589,1347,19,0,29023,30369,1,1347,0.0,2344,4
ON554052,nucleocapsid,98.515,1347,17,1,29068,30411,1,1347,0.0,2338,4
ON554053,nucleocapsid,98.738,1347,17,0,29066,30412,1,1347,0.0,2353,4
ON554054,nucleocapsid,98.738,1347,17,0,29073,30419,1,1347,0.0,2353,4
ON554055,nucleocapsid,98.515,1347,17,1,29055,30398,1,1347,0.0,2338,4
ON554056,nucleocapsid,98.515,1347,17,1,29046,30389,1,1347,0.0,2338,4
ON554057,nucleocapsid,98.738,1347,17,0,29083,30429,1,1347,0.0,2353,4
ON554058,nucleocapsid,98.738,1347,17,0,29066,30412,1,1347,0.0,2353,4
ON554059,nucleocapsid,98.738,1347,17,0,29062,30408,1,1347,0.0,2353,4
ON554060,nucleocapsid,98.738,1347,17,0,29059,30405,1,1347,0.0,2353,4
ON554061,nucleocapsid,98.812,1347,16,0,29080,30426,1,1347,0.0,2358,4
ON554062,nucleocapsid,98.664,1347,18,0,29075,30421,1,1347,0.0,2349,4
ON554063,nucleocapsid,98.738,1347,17,0,29079,30425,1,1347,0.0,2353,4
ON554064,nucleocapsid,98.515,1347,20,0,29073,30419,1,1347,0.0,2340,4
ON554065,nucleocapsid,98.738,1347,17,0,29072,30418,1,1347,0.0,2353,4
ON554066,nucleocapsid,98.738,1347,17,0,29073,30419,1,1347,0.0,2353,4
ON554067,nucleocapsid,98.738,1347,17,0,29062,30408,1,1347,0.0,2353,4
ON554068,nucleocapsid,98.738,1347,17,0,29060,30406,1,1347,0.0,2353,4
ON554069,nucleocapsid,98.738,1347,17,0,29073,30419,1,1347,0.0,2353,6
ON554069,nucleocapsid,98.492,398,6,0,30707,31104,130,527,0.0,691,6
ON554070,nucleocapsid,98.664,1347,18,0,29090,30436,1,1347,0.0,2349,4
ON554071,nucleocapsid,98.664,1347,18,0,29077,30423,1,1347,0.0,2349,4
ON554072,nucleocapsid,98.515,1347,20,0,29030,30376,1,1347,0.0,2340,4
ON554073,nucleocapsid,98.515,1347,20,0,29071,30417,1,1347,0.0,2340,4
ON554074,nucleocapsid,98.738,1347,17,0,29063,30409,1,1347,0.0,2353,4
ON554075,nucleocapsid,98.738,1347,17,0,29086,30432,1,1347,0.0,2353,4
ON554076,nucleocapsid,98.664,1347,18,0,29076,30422,1,1347,0.0,2349,4
ON554077,nucleocapsid,98.738,1347,17,0,29054,30400,1,1347,0.0,2353,4
ON554078,nucleocapsid,98.738,1347,17,0,29071,30417,1,1347,0.0,2353,4
ON554079,nucleocapsid,98.664,1347,18,0,29043,30389,1,1347,0.0,2349,4
ON554080,nucleocapsid,98.664,1347,18,0,29084,30430,1,1347,0.0,2349,4
ON554081,nucleocapsid,98.738,1347,17,0,29085,30431,1,1347,0.0,2353,4
ON554082,nucleocapsid,98.738,1347,17,0,29082,30428,1,1347,0.0,2353,4
ON554083,nucleocapsid,98.738,1347,17,0,29084,30430,1,1347,0.0,2353,4
ON554083,nucleocapsid,95.556,45,2,0,30719,30763,1303,1347,3.25e-15,73.4,4
ON554084,nucleocapsid,98.664,1347,18,0,29049,30395,1,1347,0.0,2349,4
ON554085,nucleocapsid,98.738,1347,17,0,29076,30422,1,1347,0.0,2353,4
ON554086,nucleocapsid,98.812,1347,16,0,29080,30426,1,1347,0.0,2358,4
ON554087,nucleocapsid,98.738,1347,17,0,29078,30424,1,1347,0.0,2353,4
ON554088,nucleocapsid,98.664,1347,18,0,29067,30413,1,1347,0.0,2349,4
ON554089,nucleocapsid,98.664,1347,18,0,29075,30421,1,1347,0.0,2349,4
ON554090,nucleocapsid,98.738,1347,17,0,29066,30412,1,1347,0.0,2353,4
ON554091,nucleocapsid,98.664,1347,18,0,29080,30426,1,1347,0.0,2349,4
ON554092,nucleocapsid,98.738,1347,17,0,29084,30430,1,1347,0.0,2353,4
ON554093,nucleocapsid,98.515,1347,20,0,29093,30439,1,1347,0.0,2340,4
ON554094,nucleocapsid,98.664,1347,18,0,29074,30420,1,1347,0.0,2349,4
ON554095,nucleocapsid,98.738,1347,17,0,29091,30437,1,1347,0.0,2353,4
ON554096,nucleocapsid,98.515,1347,20,0,29086,30432,1,1347,0.0,2340,4
OP712603,nucleocapsid,99.044,837,8,0,1,837,172,1008,0.0,1474,100
OP712604,nucleocapsid,98.805,837,10,0,1,837,172,1008,0.0,1465,100
OQ079158,nucleocapsid,98.441,1347,21,0,29085,30431,1,1347,0.0,2335,4
OQ079159,nucleocapsid,98.441,1347,21,0,29076,30422,1,1347,0.0,2335,4
OQ331224,nucleocapsid,98.738,1347,17,0,29064,30410,1,1347,0.0,2353,4
OQ828657,nucleocapsid,99.035,1347,13,0,28924,30270,1,1347,0.0,2371,4
OR266949,nucleocapsid,98.515,1347,17,1,29064,30407,1,1347,0.0,2338,4
OR371530,nucleocapsid,98.515,1347,17,1,29095,30438,1,1347,0.0,2338,4
PP187315,nucleocapsid,98.664,1347,18,0,29063,30409,1,1347,0.0,2349,4
PP187316,nucleocapsid,98.664,1347,18,0,29091,30437,1,1347,0.0,2349,4
PP187317,nucleocapsid,98.664,1347,18,0,29058,30404,1,1347,0.0,2349,4
PP187318,nucleocapsid,98.664,1347,18,0,29052,30398,1,1347,0.0,2349,4
PP862721,nucleocapsid,99.926,1347,1,0,29111,30457,1,1347,0.0,2425,4
PQ037241,nucleocapsid,98.441,1347,18,1,29040,30383,1,1347,0.0,2333,4
PQ037242,nucleocapsid,98.441,1347,18,1,29097,30440,1,1347,0.0,2333,4
PQ187629,nucleocapsid,98.886,1347,15,0,29076,30422,1,1347,0.0,2362,4
PQ187630,nucleocapsid,98.961,1347,14,0,29075,30421,1,1347,0.0,2367,4
PQ187631,nucleocapsid,98.961,1347,14,0,29079,30425,1,1347,0.0,2367,4
PQ187632,nucleocapsid,99.035,1347,13,0,29078,30424,1,1347,0.0,2371,4
PQ187633,nucleocapsid,98.961,1347,14,0,29079,30425,1,1347,0.0,2367,4
PQ187634,nucleocapsid,99.035,1347,13,0,29072,30418,1,1347,0.0,2371,4
PQ187635,nucleocapsid,99.035,1347,13,0,29073,30419,1,1347,0.0,2371,4
PQ187636,nucleocapsid,99.035,1347,13,0,29078,30424,1,1347,0.0,2371,4
PQ187637,nucleocapsid,98.664,1347,18,0,29089,30435,1,1347,0.0,2349,4
PQ187638,nucleocapsid,98.441,1347,18,1,29083,30426,1,1347,0.0,2333,4
PQ187639,nucleocapsid,98.367,1347,19,1,29084,30427,1,1347,0.0,2329,4
PQ510827,nucleocapsid,98.441,1347,18,1,29019,30362,1,1347,0.0,2333,4
PQ510828,nucleocapsid,98.367,1347,19,1,29031,30374,1,1347,0.0,2329,4
PQ629997,nucleocapsid,98.224,1295,20,1,28847,30138,1,1295,0.0,2231,4
PQ629998,nucleocapsid,98.764,1295,16,0,28841,30135,1,1295,0.0,2264,4
PQ629999,nucleocapsid,98.224,1295,20,1,28847,30138,1,1295,0.0,2231,4
PQ630000,nucleocapsid,98.224,1295,20,1,28850,30141,1,1295,0.0,2231,4
PQ630001,nucleocapsid,98.301,1295,19,1,28847,30138,1,1295,0.0,2235,4
PQ630002,nucleocapsid,98.224,1295,20,1,28847,30138,1,1295,0.0,2231,4
PQ630003,nucleocapsid,98.224,1295,20,1,28847,30138,1,1295,0.0,2231,4
PQ630004,nucleocapsid,98.378,1295,18,1,28850,30141,1,1295,0.0,2240,4
PQ630005,nucleocapsid,98.301,1295,19,1,28847,30138,1,1295,0.0,2235,4
PQ630006,nucleocapsid,98.301,1295,19,1,28850,30141,1,1295,0.0,2235,4
PQ630007,nucleocapsid,98.224,1295,20,1,28847,30138,1,1295,0.0,2231,4
PQ630008,nucleocapsid,98.301,1295,19,1,28850,30141,1,1295,0.0,2235,4
PQ630009,nucleocapsid,98.533,1295,16,1,28850,30141,1,1295,0.0,2249,4
PQ630010,nucleocapsid,98.301,1295,19,1,28850,30141,1,1295,0.0,2235,4
PQ630011,nucleocapsid,98.301,1295,19,1,28850,30141,1,1295,0.0,2235,4
PQ630012,nucleocapsid,98.301,1295,19,1,28850,30141,1,1295,0.0,2235,4
PQ630013,nucleocapsid,98.224,1295,20,1,28850,30141,1,1295,0.0,2231,4
PQ630014,nucleocapsid,98.224,1295,20,1,28850,30141,1,1295,0.0,2231,4
PQ630015,nucleocapsid,98.224,1295,20,1,28850,30141,1,1295,0.0,2231,4
PQ630016,nucleocapsid,98.224,1295,20,1,28850,30141,1,1295,0.0,2231,4
PQ630017,nucleocapsid,98.122,1118,18,1,29027,30141,178,1295,0.0,1920,4
PQ630018,nucleocapsid,98.224,1295,20,1,28850,30141,1,1295,0.0,2231,4
PQ630020,nucleocapsid,98.610,1295,18,0,28832,30126,1,1295,0.0,2255,4
PQ630021,nucleocapsid,98.301,1295,19,1,28850,30141,1,1295,0.0,2235,4
PQ630022,nucleocapsid,98.301,1295,19,1,28850,30141,1,1295,0.0,2235,4
PQ630023,nucleocapsid,98.456,1295,20,0,28844,30138,1,1295,0.0,2246,4
PQ630024,nucleocapsid,98.456,1295,20,0,28844,30138,1,1295,0.0,2246,4
PQ630025,nucleocapsid,98.610,1295,18,0,28844,30138,1,1295,0.0,2255,4
PQ630026,nucleocapsid,98.610,1295,18,0,28844,30138,1,1295,0.0,2255,4
PQ630027,nucleocapsid,98.610,1295,18,0,28838,30132,1,1295,0.0,2255,4
PQ630028,nucleocapsid,98.224,1295,20,1,28850,30141,1,1295,0.0,2231,4
PQ630029,nucleocapsid,98.301,1295,19,1,28850,30141,1,1295,0.0,2235,4
PQ630030,nucleocapsid,98.301,1295,19,1,28850,30141,1,1295,0.0,2235,4
PQ630031,nucleocapsid,98.301,1295,19,1,28850,30141,1,1295,0.0,2235,4
PQ630032,nucleocapsid,98.533,1295,19,0,28844,30138,1,1295,0.0,2250,4
PQ630033,nucleocapsid,98.610,1295,18,0,28844,30138,1,1295,0.0,2255,4
PQ630034,nucleocapsid,98.610,1295,18,0,28841,30135,1,1295,0.0,2255,4
PQ630035,nucleocapsid,98.610,1295,18,0,28838,30132,1,1295,0.0,2255,4
PQ630036,nucleocapsid,98.748,1118,14,0,29021,30138,178,1295,0.0,1954,4
PQ630037,nucleocapsid,98.687,1295,17,0,28844,30138,1,1295,0.0,2260,4
PQ630038,nucleocapsid,98.764,1295,16,0,28844,30138,1,1295,0.0,2264,4
PQ630039,nucleocapsid,98.764,1295,16,0,28844,30138,1,1295,0.0,2265,4
PQ630040,nucleocapsid,98.610,1295,18,0,28844,30138,1,1295,0.0,2256,4
PQ630041,nucleocapsid,98.687,1295,17,0,28844,30138,1,1295,0.0,2260,4
PQ630042,nucleocapsid,98.032,1118,13,1,25938,27046,178,1295,0.0,1921,4
PQ630043,nucleocapsid,98.842,1295,15,0,28844,30138,1,1295,0.0,2269,4
PQ630044,nucleocapsid,98.527,679,10,0,28832,29510,1,679,0.0,1180,2
PQ630045,nucleocapsid,98.764,1295,16,0,28844,30138,1,1295,0.0,2264,4
PQ630046,nucleocapsid,98.764,1295,16,0,28844,30138,1,1295,0.0,2264,4
PQ630047,nucleocapsid,98.748,1118,14,0,25938,27055,178,1295,0.0,1954,4
PQ630048,nucleocapsid,98.969,679,7,0,28814,29492,1,679,0.0,1194,2
PQ630049,nucleocapsid,98.764,1295,16,0,28844,30138,1,1295,0.0,2264,4
PQ630050,nucleocapsid,98.687,1295,17,0,28844,30138,1,1295,0.0,2260,4
PQ630051,nucleocapsid,98.764,1295,16,0,28844,30138,1,1295,0.0,2264,4
PQ630052,nucleocapsid,98.610,1295,18,0,28844,30138,1,1295,0.0,2255,4
PQ630053,nucleocapsid,98.764,1295,16,0,28844,30138,1,1295,0.0,2264,4
PQ630054,nucleocapsid,98.764,1295,16,0,26772,28066,1,1295,0.0,2264,5
PQ630055,nucleocapsid,98.764,1295,16,0,28844,30138,1,1295,0.0,2264,4
PQ630056,nucleocapsid,98.687,1295,17,0,28832,30126,1,1295,0.0,2260,4
PQ630057,nucleocapsid,98.764,1295,16,0,28844,30138,1,1295,0.0,2264,4
PQ630058,nucleocapsid,98.764,1295,16,0,28844,30138,1,1295,0.0,2264,4
PQ630059,nucleocapsid,98.456,1295,17,1,28850,30141,1,1295,0.0,2244,4
PQ630060,nucleocapsid,98.764,1295,16,0,25761,27055,1,1295,0.0,2264,5
PQ630061,nucleocapsid,98.610,1295,18,0,26763,28057,1,1295,0.0,2255,5
PQ630062,nucleocapsid,98.675,679,9,0,27864,28542,1,679,0.0,1186,2
PQ630063,nucleocapsid,98.533,1295,19,0,28844,30138,1,1295,0.0,2251,4
PQ630064,nucleocapsid,98.687,1295,17,0,27745,29039,1,1295,0.0,2260,4
PQ630065,nucleocapsid,98.687,1295,17,0,28844,30138,1,1295,0.0,2260,4
PQ630066,nucleocapsid,98.764,1295,16,0,28832,30126,1,1295,0.0,2264,4
PQ630067,nucleocapsid,98.764,1295,16,0,28844,30138,1,1295,0.0,2264,4
PQ630068,nucleocapsid,98.764,1295,16,0,28832,30126,1,1295,0.0,2264,4
PQ630069,nucleocapsid,98.764,1295,16,0,28844,30138,1,1295,0.0,2264,4
PQ630070,nucleocapsid,97.992,1295,26,0,28853,30147,1,1295,0.0,2219,4
PQ630071,nucleocapsid,97.992,1295,26,0,28854,30148,1,1295,0.0,2219,4
PQ630072,nucleocapsid,97.992,1295,26,0,28853,30147,1,1295,0.0,2219,4
PQ630073,nucleocapsid,97.683,1295,30,0,28847,30141,1,1295,0.0,2201,4
PQ630074,nucleocapsid,98.764,1295,16,0,28844,30138,1,1295,0.0,2264,4
PQ630075,nucleocapsid,98.479,1118,14,1,26944,28058,178,1295,0.0,1939,4
PQ630076,nucleocapsid,97.938,679,14,0,28820,29498,1,679,0.0,1162,2
PQ630077,nucleocapsid,98.533,1295,19,0,28853,30147,1,1295,0.0,2250,4
PQ630078,nucleocapsid,98.764,1295,16,0,28844,30138,1,1295,0.0,2264,4
PQ630079,nucleocapsid,98.764,1295,16,0,28844,30138,1,1295,0.0,2264,4
PQ630080,nucleocapsid,97.992,1295,26,0,28854,30148,1,1295,0.0,2219,4
PQ630081,nucleocapsid,98.764,1295,16,0,28844,30138,1,1295,0.0,2264,4
PQ630082,nucleocapsid,98.533,1295,16,1,28838,30129,1,1295,0.0,2249,4
PQ630083,nucleocapsid,97.683,1295,30,0,28847,30141,1,1295,0.0,2201,4
PQ630084,nucleocapsid,98.764,1295,16,0,28844,30138,1,1295,0.0,2264,4
PQ630085,nucleocapsid,98.764,1295,16,0,28844,30138,1,1295,0.0,2264,4
PQ630086,nucleocapsid,98.456,1295,17,1,28850,30141,1,1295,0.0,2244,4
PQ630087,nucleocapsid,98.687,1295,17,0,28844,30138,1,1295,0.0,2260,4
PQ630088,nucleocapsid,98.069,1295,25,0,28844,30138,1,1295,0.0,2223,4
PQ630089,nucleocapsid,97.915,1295,27,0,28853,30147,1,1295,0.0,2214,4
PQ630090,nucleocapsid,97.915,1295,27,0,28853,30147,1,1295,0.0,2214,4
PQ630091,nucleocapsid,98.764,1295,16,0,28844,30138,1,1295,0.0,2264,4
PQ630092,nucleocapsid,98.764,1295,16,0,28844,30138,1,1295,0.0,2264,4
PQ630093,nucleocapsid,98.764,1295,16,0,28838,30132,1,1295,0.0,2264,4
PQ630094,nucleocapsid,98.456,1295,17,1,28857,30148,1,1295,0.0,2244,4
PQ630095,nucleocapsid,98.764,1295,16,0,28844,30138,1,1295,0.0,2264,4
PQ630096,nucleocapsid,97.992,1295,26,0,28853,30147,1,1295,0.0,2219,4
PQ630097,nucleocapsid,98.764,1295,16,0,28844,30138,1,1295,0.0,2264,4
PQ630098,nucleocapsid,98.658,1118,15,0,29007,30124,178,1295,0.0,1949,4
PQ630099,nucleocapsid,97.992,1295,26,0,28853,30147,1,1295,0.0,2219,4
PQ630100,nucleocapsid,98.147,1295,24,0,28811,30105,1,1295,0.0,2228,4
PQ630101,nucleocapsid,98.687,1295,17,0,28844,30138,1,1295,0.0,2260,4
PQ630102,nucleocapsid,98.764,1295,16,0,28844,30138,1,1295,0.0,2264,4
PQ630103,nucleocapsid,98.764,1295,16,0,28844,30138,1,1295,0.0,2264,4
PQ630104,nucleocapsid,97.992,1295,26,0,28856,30150,1,1295,0.0,2219,4
PQ630105,nucleocapsid,98.842,1295,15,0,28844,30138,1,1295,0.0,2269,4
PQ630106,nucleocapsid,97.992,1295,26,0,28853,30147,1,1295,0.0,2219,4
PQ630107,nucleocapsid,98.456,1295,17,1,28850,30141,1,1295,0.0,2244,4
PQ630108,nucleocapsid,98.122,1118,21,0,26957,28074,178,1295,0.0,1926,4
PQ630109,nucleocapsid,98.456,1295,17,1,28850,30141,1,1295,0.0,2244,4
PQ630110,nucleocapsid,97.992,1295,26,0,28853,30147,1,1295,0.0,2219,4
PQ630111,nucleocapsid,98.764,1295,16,0,28844,30138,1,1295,0.0,2264,4
PQ630112,nucleocapsid,97.992,1295,26,0,28856,30150,1,1295,0.0,2219,4
PQ630113,nucleocapsid,98.764,1295,16,0,28844,30138,1,1295,0.0,2264,4
PQ630114,nucleocapsid,97.992,1295,26,0,28853,30147,1,1295,0.0,2219,4
PQ630115,nucleocapsid,97.992,1295,26,0,28853,30147,1,1295,0.0,2219,4
PQ630116,nucleocapsid,98.610,1295,18,0,28844,30138,1,1295,0.0,2255,4
PQ630117,nucleocapsid,97.992,1295,26,0,28853,30147,1,1295,0.0,2219,4
PQ630118,nucleocapsid,98.764,1295,16,0,28844,30138,1,1295,0.0,2264,4
PQ630119,nucleocapsid,97.992,1295,26,0,28853,30147,1,1295,0.0,2219,4
PQ630120,nucleocapsid,97.992,1295,26,0,28853,30147,1,1295,0.0,2219,4
PQ630121,nucleocapsid,97.992,1295,26,0,28853,30147,1,1295,0.0,2219,4
PQ630122,nucleocapsid,98.610,1295,18,0,28844,30138,1,1295,0.0,2255,4
PQ630123,nucleocapsid,97.683,1295,30,0,28847,30141,1,1295,0.0,2201,4
PQ630124,nucleocapsid,98.764,1295,16,0,28844,30138,1,1295,0.0,2264,4
PQ630125,nucleocapsid,98.610,1295,18,0,28844,30138,1,1295,0.0,2255,4
PQ630126,nucleocapsid,97.915,1295,27,0,28853,30147,1,1295,0.0,2214,4
PQ630127,nucleocapsid,98.764,1295,16,0,28844,30138,1,1295,0.0,2264,4
PQ630128,nucleocapsid,98.610,1295,18,0,28844,30138,1,1295,0.0,2255,4
PQ630129,nucleocapsid,98.610,1295,18,0,28844,30138,1,1295,0.0,2255,4
PQ630130,nucleocapsid,98.069,1295,25,0,28829,30123,1,1295,0.0,2223,4
PQ630131,nucleocapsid,98.687,1295,17,0,28844,30138,1,1295,0.0,2260,4
PQ630132,nucleocapsid,98.378,1295,18,1,28838,30129,1,1295,0.0,2240,4
PQ630133,nucleocapsid,98.610,1295,18,0,28844,30138,1,1295,0.0,2255,4
PQ630134,nucleocapsid,98.764,1295,16,0,28844,30138,1,1295,0.0,2264,4
PQ630135,nucleocapsid,98.069,1295,25,0,28865,30159,1,1295,0.0,2223,4
PQ630136,nucleocapsid,98.687,1295,17,0,28817,30111,1,1295,0.0,2260,4
PQ630137,nucleocapsid,98.837,1118,13,0,29021,30138,178,1295,0.0,1958,4
PQ630138,nucleocapsid,98.658,1118,12,1,29015,30129,178,1295,0.0,1948,4
PQ630139,nucleocapsid,98.764,1295,16,0,28844,30138,1,1295,0.0,2264,4
PQ630140,nucleocapsid,98.456,1295,20,0,28844,30138,1,1295,0.0,2246,4
PQ630141,nucleocapsid,98.764,1295,16,0,28844,30138,1,1295,0.0,2264,4
PQ630142,nucleocapsid,98.378,1295,18,1,28838,30129,1,1295,0.0,2240,4
PQ630143,nucleocapsid,98.764,1295,16,0,28844,30138,1,1295,0.0,2264,4
PQ630144,nucleocapsid,98.687,1295,17,0,28844,30138,1,1295,0.0,2260,4
PQ630145,nucleocapsid,98.687,1295,17,0,28844,30138,1,1295,0.0,2260,4
PQ630146,nucleocapsid,98.764,1295,16,0,28844,30138,1,1295,0.0,2264,4
PQ630147,nucleocapsid,98.610,1295,18,0,28844,30138,1,1295,0.0,2255,4
PQ630148,nucleocapsid,98.533,1295,19,0,28844,30138,1,1295,0.0,2250,4
PQ630149,nucleocapsid,98.610,1295,18,0,28787,30081,1,1295,0.0,2255,4
PQ630150,nucleocapsid,98.687,1295,17,0,28844,30138,1,1295,0.0,2260,4
PQ630151,nucleocapsid,98.764,1295,16,0,28811,30105,1,1295,0.0,2264,4
PQ630152,nucleocapsid,98.687,1295,17,0,28844,30138,1,1295,0.0,2260,4
PQ630153,nucleocapsid,98.687,1295,17,0,28844,30138,1,1295,0.0,2260,4
PQ630154,nucleocapsid,98.687,1295,17,0,28844,30138,1,1295,0.0,2260,4
PQ630155,nucleocapsid,98.610,1295,18,0,28844,30138,1,1295,0.0,2255,4
PQ630156,nucleocapsid,98.764,1295,16,0,28844,30138,1,1295,0.0,2264,4
PQ630157,nucleocapsid,98.764,1295,16,0,28844,30138,1,1295,0.0,2264,4
PQ630158,nucleocapsid,98.378,1295,18,1,28838,30129,1,1295,0.0,2240,4
PQ630159,nucleocapsid,98.687,1295,17,0,28844,30138,1,1295,0.0,2260,4
PQ630160,nucleocapsid,98.610,1295,18,0,28844,30138,1,1295,0.0,2255,4
PQ630161,nucleocapsid,98.687,1295,17,0,28844,30138,1,1295,0.0,2260,4
PQ630162,nucleocapsid,98.687,1295,17,0,28844,30138,1,1295,0.0,2260,4
PQ630163,nucleocapsid,98.764,1295,16,0,28844,30138,1,1295,0.0,2264,4
PQ630164,nucleocapsid,98.610,1295,18,0,28787,30081,1,1295,0.0,2255,4
PQ630165,nucleocapsid,98.764,1295,16,0,28844,30138,1,1295,0.0,2264,4
PQ630166,nucleocapsid,98.764,1295,16,0,28844,30138,1,1295,0.0,2264,4
PQ630167,nucleocapsid,98.687,1295,17,0,28844,30138,1,1295,0.0,2260,4
PQ630168,nucleocapsid,98.764,1295,16,0,28844,30138,1,1295,0.0,2264,4
PQ630169,nucleocapsid,98.764,1295,16,0,28844,30138,1,1295,0.0,2264,4
PQ630170,nucleocapsid,98.764,1295,16,0,28811,30105,1,1295,0.0,2264,4
PQ630171,nucleocapsid,98.764,1295,16,0,28844,30138,1,1295,0.0,2264,4
PQ630172,nucleocapsid,98.687,1295,17,0,28844,30138,1,1295,0.0,2260,4
PQ630173,nucleocapsid,98.764,1295,16,0,28844,30138,1,1295,0.0,2264,4
PQ630174,nucleocapsid,98.764,1295,16,0,28844,30138,1,1295,0.0,2264,4
PQ630175,nucleocapsid,98.687,1295,17,0,28844,30138,1,1295,0.0,2260,4
PQ630176,nucleocapsid,98.764,1295,16,0,28811,30105,1,1295,0.0,2264,4
PQ630177,nucleocapsid,98.610,1295,18,0,28844,30138,1,1295,0.0,2255,4
PQ630178,nucleocapsid,98.764,1295,16,0,28844,30138,1,1295,0.0,2264,4
PQ630179,nucleocapsid,98.764,1295,16,0,28844,30138,1,1295,0.0,2264,4
PQ630180,nucleocapsid,98.675,679,9,0,28832,29510,1,679,0.0,1185,2
PQ630181,nucleocapsid,98.764,1295,16,0,28832,30126,1,1295,0.0,2264,4
PQ659994,nucleocapsid,98.208,837,15,0,1,837,172,1008,0.0,1443,100
PQ659995,nucleocapsid,98.686,837,11,0,1,837,172,1008,0.0,1461,100
PQ659996,nucleocapsid,98.088,837,16,0,1,837,172,1008,0.0,1438,100
PQ659997,nucleocapsid,98.208,837,15,0,1,837,172,1008,0.0,1443,100
PQ659998,nucleocapsid,98.447,837,13,0,1,837,172,1008,0.0,1452,100
PQ659999,nucleocapsid,98.805,837,10,0,1,837,172,1008,0.0,1465,100
PQ660000,nucleocapsid,97.969,837,17,0,1,837,172,1008,0.0,1434,100
PQ660001,nucleocapsid,97.372,837,22,0,1,837,172,1008,0.0,1411,100
