AB695078,spike,95.968,1488,54,2,1,1488,1,1482,0.0,2410,100
AB695079,spike,95.968,1488,54,2,1,1488,1,1482,0.0,2410,100
AB695080,spike,95.968,1488,54,2,1,1488,1,1482,0.0,2410,100
AB695081,spike,95.968,1488,54,2,1,1488,1,1482,0.0,2410,100
AB695082,spike,95.238,1491,62,2,1,1491,1,1482,0.0,2369,100
AB695083,spike,95.104,1491,64,2,1,1491,1,1482,0.0,2360,100
AB695084,spike,95.104,1491,64,2,1,1491,1,1482,0.0,2360,100
AB695085,spike,95.104,1491,64,2,1,1491,1,1482,0.0,2360,100
AB695086,spike,95.305,1491,61,2,1,1491,1,1482,0.0,2373,100
AB695087,spike,95.104,1491,64,2,1,1491,1,1482,0.0,2360,100
AY391777,spike,100.000,4086,0,0,23644,27729,1,4086,0.0,7369,13
AY585228,spike,99.290,4086,5,3,23643,27704,1,4086,0.0,7247,13
AY585229,spike,99.266,4086,6,3,23643,27704,1,4086,0.0,7242,13
AY903454,spike,97.340,4098,91,3,1,4092,1,4086,0.0,6902,100
AY903455,spike,96.999,4098,99,4,1,4086,1,4086,0.0,6840,100
AY903456,spike,97.316,4098,92,3,1,4092,1,4086,0.0,6898,100
AY903457,spike,97.340,4098,91,3,1,4092,1,4086,0.0,6902,100
AY903458,spike,96.974,4098,100,4,1,4086,1,4086,0.0,6836,100
AY903459,spike,97.316,4098,92,3,23641,27732,1,4086,0.0,6898,13
AY903460,spike,97.023,4098,98,4,23641,27726,1,4086,0.0,6845,13
CQ772300,spike,93.545,4090,198,7,1,4060,1,4054,0.0,6214,100
DD266155,spike,93.545,4090,198,7,1,4060,1,4054,0.0,6214,100
DQ355401,spike,98.717,2650,10,3,1,2626,1,2650,0.0,4635,100
DQ355402,spike,96.427,2659,80,4,1,2653,1,2650,0.0,4363,100
DQ355403,spike,95.868,2662,86,4,1,2650,1,2650,0.0,4309,100
DQ355404,spike,96.871,2653,62,3,1,2635,1,2650,0.0,4416,100
DQ355405,spike,96.469,2662,76,3,1,2656,1,2650,0.0,4380,100
DQ355406,spike,96.506,2662,75,3,1,2656,1,2650,0.0,4385,100
DQ355407,spike,95.868,2662,86,4,1,2650,1,2650,0.0,4309,100
DQ355408,spike,95.980,2662,83,3,1,2650,1,2650,0.0,4327,100
EF507732,spike,97.546,326,5,1,1,326,1918,2240,1.39e-160,551,100
EF507733,spike,99.377,321,2,0,3,323,1920,2240,1.47e-166,571,99
EF507734,spike,99.381,323,2,0,1,323,1918,2240,1.20e-167,574,100
EF507735,spike,99.381,323,2,0,1,323,1918,2240,1.20e-167,574,100
EF507736,spike,99.381,323,2,0,1,323,1918,2240,1.20e-167,574,100
EF507737,spike,99.381,323,2,0,1,323,1918,2240,1.20e-167,574,100
EF507738,spike,99.381,323,2,0,1,323,1918,2240,1.20e-167,574,100
EF507739,spike,99.381,323,2,0,1,323,1918,2240,1.20e-167,574,100
EF507740,spike,99.381,323,2,0,1,323,1918,2240,1.20e-167,574,100
EF507741,spike,99.381,323,2,0,1,323,1918,2240,1.20e-167,574,100
EF507742,spike,99.381,323,2,0,1,323,1918,2240,1.20e-167,574,100
EF507743,spike,99.381,323,2,0,1,323,1918,2240,1.20e-167,574,100
EF507744,spike,98.762,323,4,0,1,323,1918,2240,6.23e-165,565,100
FJ647039,spike,96.139,259,10,0,1,259,111,369,3.81e-122,423,100
FJ647040,spike,96.139,259,10,0,1,259,111,369,3.81e-122,423,100
FJ647041,spike,96.139,259,10,0,1,259,111,369,3.81e-122,423,100
FJ647042,spike,96.139,259,10,0,1,259,111,369,3.81e-122,423,100
FJ647043,spike,96.139,259,10,0,1,259,111,369,3.81e-122,423,100
FJ647044,spike,96.139,259,10,0,1,259,111,369,3.81e-122,423,100
FJ647045,spike,96.139,259,10,0,1,259,111,369,3.81e-122,423,100
FJ647046,spike,96.139,259,10,0,1,259,111,369,3.81e-122,423,100
FJ647047,spike,96.139,259,10,0,1,259,111,369,3.81e-122,423,100
FJ647048,spike,96.139,259,10,0,1,259,111,369,3.81e-122,423,100
FJ647049,spike,96.139,259,10,0,1,259,111,369,3.81e-122,423,100
FJ647050,spike,96.139,259,10,0,1,259,111,369,3.81e-122,423,100
FJ647051,spike,96.911,259,8,0,1,259,111,369,7.35e-125,432,100
FJ647052,spike,96.207,290,11,0,1,290,95,384,2.70e-137,474,100
FJ647053,spike,95.956,272,11,0,1,272,98,369,1.49e-127,442,100
FJ647054,spike,96.853,286,9,0,1,286,84,369,7.64e-138,476,100
FJ647055,spike,95.956,272,11,0,1,272,98,369,1.49e-127,442,100
FJ647056,spike,97.010,301,9,0,1,301,84,384,5.80e-146,503,100
FJ647057,spike,96.667,270,9,0,1,270,114,383,3.49e-129,447,100
FJ647058,spike,96.014,276,11,0,1,276,95,370,1.02e-129,449,100
FJ647059,spike,96.167,287,11,0,1,287,98,384,1.14e-135,469,100
FJ647060,spike,96.484,256,9,0,1,256,114,369,1.31e-121,422,100
FJ647061,spike,96.679,271,9,0,1,271,114,384,1.00e-129,449,100
FJ647062,spike,96.167,287,11,0,1,287,98,384,1.14e-135,469,100
FJ647063,spike,96.679,271,9,0,1,271,114,384,1.00e-129,449,100
FJ647064,spike,96.014,276,11,0,1,276,98,373,1.02e-129,449,100
FJ647065,spike,96.269,268,10,0,1,268,84,351,5.17e-127,439,99
FJ647066,spike,96.154,286,11,0,1,286,99,384,3.96e-135,467,100
FJ647067,spike,96.167,287,11,0,1,287,98,384,1.14e-135,469,100
FJ647068,spike,96.207,290,11,0,1,290,95,384,2.70e-137,474,100
FJ647069,spike,96.000,275,11,0,1,275,95,369,3.55e-129,447,100
FJ647070,spike,96.207,290,11,0,1,290,95,384,2.70e-137,474,100
FJ647071,spike,95.956,272,11,0,1,272,98,369,1.49e-127,442,100
FJ647072,spike,96.364,275,10,0,3,277,110,384,8.42e-131,452,99
FJ647073,spike,96.853,286,9,0,1,286,98,383,7.64e-138,476,100
FJ647074,spike,96.014,276,11,0,1,276,98,373,1.02e-129,449,100
FJ647075,spike,96.207,290,11,0,1,290,95,384,2.70e-137,474,100
FJ647076,spike,96.029,277,11,0,1,277,98,374,2.94e-130,451,100
GN352065,spike,100.000,60,0,0,1,60,3394,3453,2.15e-28,109,100
GN352066,spike,100.000,60,0,0,1,60,3453,3394,2.15e-28,109,100
GN352067,spike,100.000,60,0,0,1,60,3869,3928,2.15e-28,109,100
GN352068,spike,100.000,60,0,0,1,60,3928,3869,2.15e-28,109,100
GN352069,spike,100.000,60,0,0,1,60,3873,3932,2.15e-28,109,100
GN352070,spike,100.000,60,0,0,1,60,3932,3873,2.15e-28,109,100
GN352071,spike,100.000,60,0,0,1,60,2423,2482,2.15e-28,109,100
GN352072,spike,100.000,60,0,0,1,60,2482,2423,2.15e-28,109,100
GN352073,spike,93.333,60,4,0,1,60,3895,3954,5.76e-23,91.5,100
GN352074,spike,93.333,60,4,0,1,60,3954,3895,5.76e-23,91.5,100
HC734573,spike,93.545,4090,198,7,1,4060,1,4054,0.0,6214,100
JN129834,spike,96.974,4098,100,4,23628,27713,1,4086,0.0,6836,13
JN129835,spike,96.901,4098,103,4,23640,27725,1,4086,0.0,6822,13
JX513256,spike,93.798,903,35,2,1,882,1135,2037,0.0,1387,100
JX513257,spike,93.896,901,34,2,1,880,1138,2038,0.0,1388,100
JX513258,spike,95.552,2810,92,5,1,2789,1,2798,0.0,4512,100
JX513259,spike,93.812,905,35,2,1,884,1134,2038,0.0,1390,100
JX513260,spike,95.500,2822,94,5,1,2801,1,2810,0.0,4525,100
JX513261,spike,95.496,2820,94,5,1,2799,1,2808,0.0,4523,100
JX513262,spike,95.445,2810,95,5,1,2789,1,2798,0.0,4498,100
JX513263,spike,93.552,915,38,2,1,894,1130,2044,0.0,1395,100
JX513264,spike,93.784,917,35,3,1,895,1131,2047,0.0,1404,100
JX513265,spike,93.866,913,35,2,1,892,1134,2046,0.0,1405,100
JX513266,spike,93.900,918,35,2,1,897,1130,2047,0.0,1414,100
JX513267,spike,94.072,911,33,2,1,890,1134,2044,0.0,1410,100
JX513268,spike,95.532,2820,93,5,1,2799,1,2808,0.0,4525,100
KC513529,spike,100.000,636,0,0,1,636,1052,1687,0.0,1148,100
KF512614,spike,97.491,558,2,1,1,546,585,1142,0.0,950,100
KF512615,spike,97.491,558,2,1,1,546,585,1142,0.0,950,100
KF512616,spike,96.416,558,20,0,1,558,585,1142,0.0,917,100
KF512617,spike,96.595,558,19,0,1,558,585,1142,0.0,921,100
KF512618,spike,97.491,558,2,1,1,546,585,1142,0.0,950,100
KF512619,spike,96.774,558,18,0,1,558,585,1142,0.0,926,100
KF512620,spike,96.774,558,18,0,1,558,585,1142,0.0,926,100
KF512621,spike,97.491,558,2,1,1,546,585,1142,0.0,950,100
KF512622,spike,96.953,558,17,0,1,558,585,1142,0.0,930,100
KF512623,spike,96.774,558,18,0,1,558,585,1142,0.0,926,100
KF512624,spike,97.491,558,2,1,1,546,585,1142,0.0,950,100
KF512625,spike,96.774,558,18,0,1,558,585,1142,0.0,926,100
KF512626,spike,96.774,558,18,0,1,558,585,1142,0.0,926,100
KF512627,spike,96.416,558,20,0,1,558,585,1142,0.0,917,100
KF512628,spike,97.491,558,2,1,1,546,585,1142,0.0,950,100
KF512629,spike,97.491,558,2,1,1,546,585,1142,0.0,950,100
KF512630,spike,96.595,558,19,0,1,558,585,1142,0.0,921,100
KF512631,spike,96.595,558,19,0,1,558,585,1142,0.0,921,100
KF512632,spike,96.595,558,19,0,1,558,585,1142,0.0,921,100
KF512633,spike,96.416,558,20,0,1,558,585,1142,0.0,917,100
KF512634,spike,96.774,558,18,0,1,558,585,1142,0.0,926,100
KF512635,spike,96.595,558,19,0,1,558,585,1142,0.0,921,100
KF512636,spike,96.774,558,18,0,1,558,585,1142,0.0,926,100
KF512637,spike,96.416,558,20,0,1,558,585,1142,0.0,917,100
KF512638,spike,96.237,558,21,0,1,558,585,1142,0.0,912,100
KF512639,spike,96.774,558,18,0,1,558,585,1142,0.0,926,100
KF512640,spike,96.595,558,19,0,1,558,585,1142,0.0,921,100
KF512641,spike,96.595,558,19,0,1,558,585,1142,0.0,921,100
KF512642,spike,96.416,558,20,0,1,558,585,1142,0.0,917,100
KF512643,spike,96.774,558,18,0,1,558,585,1142,0.0,926,100
KF512644,spike,94.624,558,30,0,1,558,585,1142,0.0,872,100
KF512645,spike,96.774,558,18,0,1,558,585,1142,0.0,926,100
KF512646,spike,96.774,558,18,0,1,558,585,1142,0.0,926,100
KF512647,spike,96.416,558,20,0,1,558,585,1142,0.0,917,100
KF512648,spike,96.774,558,18,0,1,558,585,1142,0.0,926,100
KF512649,spike,96.595,558,19,0,1,558,585,1142,0.0,921,100
KF512650,spike,96.774,558,18,0,1,558,585,1142,0.0,926,100
KF512651,spike,96.237,558,21,0,1,558,585,1142,0.0,912,100
KF512652,spike,96.595,558,19,0,1,558,585,1142,0.0,921,100
KF512653,spike,96.057,558,22,0,1,558,585,1142,0.0,908,100
KF512654,spike,96.774,558,18,0,1,558,585,1142,0.0,926,100
KF512655,spike,96.595,558,19,0,1,558,585,1142,0.0,921,100
KF512656,spike,96.595,558,19,0,1,558,585,1142,0.0,921,100
KF512657,spike,96.774,558,18,0,1,558,585,1142,0.0,926,100
KF512658,spike,96.774,558,18,0,1,558,585,1142,0.0,926,100
KF512659,spike,96.595,558,19,0,1,558,585,1142,0.0,921,100
KF512660,spike,96.774,558,18,0,1,558,585,1142,0.0,926,100
KF512661,spike,96.774,558,18,0,1,558,585,1142,0.0,926,100
KF512662,spike,96.774,558,18,0,1,558,585,1142,0.0,926,100
KF512663,spike,96.774,558,18,0,1,558,585,1142,0.0,926,100
KF524844,spike,95.607,387,17,0,1,387,2496,2882,0.0,622,98
KF524845,spike,95.325,385,18,0,1,385,2498,2882,1.66e-179,614,99
KF524846,spike,95.349,387,18,0,1,387,2496,2882,1.36e-180,618,99
KF524847,spike,95.418,371,17,0,1,371,2511,2881,5.17e-173,593,100
KF524848,spike,95.430,372,17,0,1,372,2511,2882,1.48e-173,595,100
KF524849,spike,93.351,376,25,0,1,376,2507,2882,7.28e-165,566,100
KF524850,spike,95.573,384,17,0,1,384,2499,2882,4.71e-180,617,99
KF524851,spike,95.411,414,19,0,1,414,2469,2882,0.0,662,100
KF524852,spike,95.411,414,19,0,1,414,2469,2882,0.0,662,100
KF530059,spike,97.652,4089,75,3,23558,27628,1,4086,0.0,6947,13
KF530060,spike,97.799,4089,69,3,23624,27694,1,4086,0.0,6974,13
KF530061,spike,97.652,4089,75,3,23624,27694,1,4086,0.0,6947,13
KF530062,spike,97.603,4089,77,3,23601,27671,1,4086,0.0,6938,13
KF530063,spike,97.462,4098,80,3,23621,27706,1,4086,0.0,6930,13
KF530064,spike,97.603,4089,77,3,23624,27694,1,4086,0.0,6938,13
KF530065,spike,97.677,4089,74,3,23624,27694,1,4086,0.0,6952,13
KF530066,spike,97.652,4089,75,3,23611,27681,1,4086,0.0,6947,13
KF530067,spike,97.584,4098,75,3,23637,27722,1,4086,0.0,6953,13
KF530068,spike,97.340,4098,85,3,23621,27706,1,4086,0.0,6908,13
KF530069,spike,97.389,4098,83,3,23621,27706,1,4086,0.0,6917,13
KF530070,spike,97.365,4098,84,3,23622,27707,1,4086,0.0,6912,13
KF530071,spike,97.535,4098,74,4,23624,27706,1,4086,0.0,6942,13
KF530072,spike,97.530,4089,80,3,23624,27694,1,4086,0.0,6925,13
KF530073,spike,97.628,4089,76,3,23624,27694,1,4086,0.0,6943,13
KF530074,spike,97.554,4089,79,3,23621,27691,1,4086,0.0,6929,13
KF530075,spike,97.628,4089,76,3,23624,27694,1,4086,0.0,6943,13
KF530076,spike,97.462,4098,77,4,23638,27720,1,4086,0.0,6928,13
KF530077,spike,97.775,4089,70,3,23624,27694,1,4086,0.0,6970,13
KF530078,spike,97.554,4089,79,3,23611,27681,1,4086,0.0,6929,13
KF530079,spike,97.462,4098,80,3,23624,27709,1,4086,0.0,6930,13
KF530080,spike,97.554,4089,79,3,23624,27694,1,4086,0.0,6929,13
KF530081,spike,97.365,4098,84,3,23620,27705,1,4086,0.0,6912,13
KF530082,spike,97.609,4098,74,3,23624,27709,1,4086,0.0,6957,13
KF530083,spike,97.799,4089,69,3,23624,27694,1,4086,0.0,6974,13
KF530084,spike,97.511,4098,78,3,23621,27706,1,4086,0.0,6939,13
KF530085,spike,97.701,4089,73,3,23616,27686,1,4086,0.0,6956,13
KF530086,spike,97.799,4089,69,3,23624,27694,1,4086,0.0,6974,13
KF530087,spike,97.701,4089,73,3,23624,27694,1,4086,0.0,6956,13
KF530088,spike,97.535,4098,74,4,23624,27706,1,4086,0.0,6942,13
KF530089,spike,97.584,4098,75,3,23638,27723,1,4086,0.0,6953,13
KF530090,spike,97.554,4089,79,3,23624,27694,1,4086,0.0,6929,13
KF530091,spike,97.560,4098,73,4,23638,27720,1,4086,0.0,6946,13
KF530092,spike,97.554,4089,79,3,23624,27694,1,4086,0.0,6929,13
KF530093,spike,97.775,4089,70,3,23530,27600,1,4086,0.0,6970,13
KF530094,spike,97.609,4098,74,3,23624,27709,1,4086,0.0,6957,13
KF530095,spike,97.560,4098,73,4,23634,27716,1,4086,0.0,6946,13
KF530096,spike,97.560,4098,73,4,23621,27703,1,4086,0.0,6946,13
KF530097,spike,97.554,4089,79,3,23624,27694,1,4086,0.0,6929,13
KF530098,spike,97.413,4098,82,3,23621,27706,1,4086,0.0,6921,13
KF530099,spike,97.413,4098,82,3,23621,27706,1,4086,0.0,6921,13
KF572804,spike,97.192,4095,100,4,1,4089,1,4086,0.0,6863,100
KF572805,spike,97.167,4095,101,4,1,4089,1,4086,0.0,6858,100
KF572806,spike,97.167,4095,101,4,1,4089,1,4086,0.0,6858,100
KF572807,spike,97.118,4095,103,4,1,4089,1,4086,0.0,6849,100
KF572808,spike,97.045,4095,106,4,1,4089,1,4086,0.0,6836,100
KF572809,spike,97.192,4095,100,4,1,4089,1,4086,0.0,6863,100
KF572810,spike,97.118,4095,103,4,1,4089,1,4086,0.0,6849,100
KF572811,spike,97.167,4095,101,4,1,4089,1,4086,0.0,6858,100
KF572812,spike,97.070,4095,105,4,1,4089,1,4086,0.0,6840,100
KF572813,spike,97.265,4095,97,4,1,4089,1,4086,0.0,6876,100
KF572814,spike,97.118,4095,103,4,1,4089,1,4086,0.0,6849,100
KF572815,spike,96.510,4098,110,5,1,4077,1,4086,0.0,6754,100
KF572816,spike,97.021,4095,101,3,1,4083,1,4086,0.0,6841,100
KF572817,spike,96.877,4098,104,4,1,4086,1,4086,0.0,6818,100
KF572818,spike,96.852,4098,105,4,1,4086,1,4086,0.0,6813,100
KF572819,spike,96.681,4098,103,5,1,4077,1,4086,0.0,6785,100
KF572820,spike,96.437,4098,113,5,1,4077,1,4086,0.0,6740,100
KF572821,spike,96.584,4098,107,5,1,4077,1,4086,0.0,6767,100
KF572822,spike,96.486,4098,111,5,1,4077,1,4086,0.0,6749,100
KF572823,spike,96.462,4098,112,5,1,4077,1,4086,0.0,6744,100
KF572824,spike,96.633,4098,105,5,1,4077,1,4086,0.0,6776,100
KF572825,spike,96.559,4098,108,5,1,4077,1,4086,0.0,6763,100
KF572826,spike,96.633,4098,105,5,1,4077,1,4086,0.0,6776,100
KF572827,spike,96.559,4098,108,5,1,4077,1,4086,0.0,6763,100
KF572828,spike,96.608,4098,106,5,1,4077,1,4086,0.0,6772,100
KF572829,spike,96.584,4098,107,5,1,4077,1,4086,0.0,6767,100
KF572830,spike,96.608,4098,106,5,1,4077,1,4086,0.0,6772,100
KF572831,spike,96.535,4098,109,5,1,4077,1,4086,0.0,6758,100
KF572832,spike,96.388,4098,115,5,1,4077,1,4086,0.0,6731,100
KF572833,spike,96.535,4098,109,5,1,4077,1,4086,0.0,6758,100
KF572834,spike,96.608,4098,106,5,1,4077,1,4086,0.0,6772,100
KF572835,spike,96.608,4098,106,5,1,4077,1,4086,0.0,6772,100
KF572836,spike,96.633,4098,105,5,1,4077,1,4086,0.0,6776,100
KF572837,spike,96.657,4098,104,5,1,4077,1,4086,0.0,6781,100
KF572838,spike,96.608,4098,106,5,1,4077,1,4086,0.0,6772,100
KF572839,spike,96.559,4098,108,5,1,4077,1,4086,0.0,6763,100
KF572840,spike,96.779,4098,108,4,1,4086,1,4086,0.0,6799,100
KF572841,spike,96.388,4098,115,5,1,4077,1,4086,0.0,6731,100
KF572842,spike,96.657,4098,104,5,1,4077,1,4086,0.0,6781,100
KF572843,spike,96.608,4098,106,5,1,4077,1,4086,0.0,6772,100
KF572844,spike,96.657,4098,104,5,1,4077,1,4086,0.0,6781,100
KF572845,spike,96.584,4098,107,5,1,4077,1,4086,0.0,6767,100
KF572846,spike,96.657,4098,104,5,1,4077,1,4086,0.0,6781,100
KF572847,spike,96.657,4098,104,5,1,4077,1,4086,0.0,6781,100
KF572848,spike,96.657,4098,104,5,1,4077,1,4086,0.0,6781,100
KF572849,spike,96.486,4098,111,5,1,4077,1,4086,0.0,6749,100
KF572850,spike,96.657,4098,104,5,1,4077,1,4086,0.0,6781,100
KF572851,spike,96.657,4098,104,5,1,4077,1,4086,0.0,6781,100
KF572852,spike,96.681,4098,103,5,1,4077,1,4086,0.0,6785,100
KF572853,spike,96.657,4098,104,5,1,4077,1,4086,0.0,6781,100
KF572854,spike,96.657,4098,104,5,1,4077,1,4086,0.0,6781,100
KF572855,spike,96.633,4098,105,5,1,4077,1,4086,0.0,6776,100
KF572856,spike,96.608,4098,106,5,1,4077,1,4086,0.0,6772,100
KF572857,spike,96.608,4098,106,5,1,4077,1,4086,0.0,6772,100
KF572858,spike,96.388,4098,115,5,1,4077,1,4086,0.0,6731,100
KF572859,spike,96.584,4098,107,5,1,4077,1,4086,0.0,6767,100
KF572860,spike,96.657,4098,104,5,1,4077,1,4086,0.0,6781,100
KF572861,spike,96.681,4098,103,5,1,4077,1,4086,0.0,6785,100
KF572862,spike,96.559,4098,108,5,1,4077,1,4086,0.0,6763,100
KF572863,spike,96.657,4098,104,5,1,4077,1,4086,0.0,6781,100
KF572864,spike,96.657,4098,104,5,1,4077,1,4086,0.0,6781,100
KF572865,spike,96.608,4098,106,5,1,4077,1,4086,0.0,6772,100
KF572866,spike,96.608,4098,106,5,1,4077,1,4086,0.0,6772,100
KF572867,spike,96.608,4098,106,5,1,4077,1,4086,0.0,6772,100
KF572868,spike,96.608,4098,106,5,1,4077,1,4086,0.0,6772,100
KF572869,spike,96.608,4098,106,5,1,4077,1,4086,0.0,6772,100
KF572870,spike,96.535,4098,109,5,1,4077,1,4086,0.0,6758,100
KF572871,spike,96.608,4098,106,5,1,4077,1,4086,0.0,6772,100
KF572872,spike,96.584,4098,107,5,1,4077,1,4086,0.0,6767,100
KF923886,spike,97.167,4095,101,4,23640,27728,1,4086,0.0,6858,13
KF923887,spike,97.045,4095,106,4,23640,27728,1,4086,0.0,6836,13
KF923888,spike,97.118,4095,103,4,23640,27728,1,4086,0.0,6849,13
KF923889,spike,97.118,4095,103,4,23640,27728,1,4086,0.0,6849,13
KF923890,spike,96.681,4098,103,5,23640,27716,1,4086,0.0,6785,13
KF923891,spike,96.657,4098,104,5,23640,27716,1,4086,0.0,6781,13
KF923892,spike,96.657,4098,104,5,23640,27716,1,4086,0.0,6781,13
KF923893,spike,96.559,4098,108,5,23640,27716,1,4086,0.0,6763,13
KF923894,spike,96.657,4098,104,5,23640,27716,1,4086,0.0,6781,13
KF923895,spike,97.098,4101,98,5,23640,27734,1,4086,0.0,6856,13
KF923896,spike,97.070,4095,105,4,23640,27728,1,4086,0.0,6840,13
KF923897,spike,96.388,4098,115,5,23640,27716,1,4086,0.0,6731,13
KF923898,spike,97.265,4095,97,4,23640,27728,1,4086,0.0,6876,13
KF923899,spike,96.877,4098,104,4,23640,27725,1,4086,0.0,6818,13
KF923900,spike,96.852,4098,105,4,23640,27725,1,4086,0.0,6813,13
KF923901,spike,96.681,4098,103,5,23640,27716,1,4086,0.0,6785,13
KF923902,spike,96.414,4099,112,7,23640,27716,1,4086,0.0,6730,13
KF923903,spike,96.388,4098,115,5,23640,27716,1,4086,0.0,6731,13
KF923904,spike,96.535,4098,109,5,23640,27716,1,4086,0.0,6758,13
KF923905,spike,96.901,4098,103,4,23640,27725,1,4086,0.0,6822,13
KF923906,spike,97.118,4095,103,4,23640,27728,1,4086,0.0,6849,13
KF923907,spike,96.657,4098,104,5,23640,27716,1,4086,0.0,6781,13
KF923908,spike,96.364,4098,116,5,23640,27716,1,4086,0.0,6726,13
KF923909,spike,96.657,4098,104,5,23640,27716,1,4086,0.0,6781,13
KF923910,spike,96.657,4098,104,5,23640,27716,1,4086,0.0,6781,13
KF923911,spike,96.657,4098,104,5,23640,27716,1,4086,0.0,6781,13
KF923912,spike,96.657,4098,104,5,23640,27716,1,4086,0.0,6781,13
KF923913,spike,96.633,4098,105,5,23640,27716,1,4086,0.0,6776,13
KF923914,spike,96.608,4098,106,5,23640,27716,1,4086,0.0,6772,13
KF923915,spike,96.608,4098,106,5,23640,27716,1,4086,0.0,6772,13
KF923916,spike,96.388,4098,115,5,23640,27716,1,4086,0.0,6731,13
KF923917,spike,96.584,4098,107,5,23640,27716,1,4086,0.0,6767,13
KF923918,spike,96.486,4098,111,5,23640,27716,1,4086,0.0,6749,13
KF923919,spike,96.657,4098,104,5,23640,27716,1,4086,0.0,6781,13
KF923920,spike,96.681,4098,103,5,23640,27716,1,4086,0.0,6785,13
KF923921,spike,96.657,4098,104,5,23640,27716,1,4086,0.0,6781,13
KF923922,spike,96.608,4098,106,5,23640,27716,1,4086,0.0,6772,13
KF923923,spike,96.608,4098,106,5,23640,27716,1,4086,0.0,6772,13
KF923924,spike,96.462,4098,112,5,23640,27716,1,4086,0.0,6744,13
KF923925,spike,96.559,4098,108,5,23640,27716,1,4086,0.0,6763,13
KF963229,spike,99.217,4086,8,3,1,4062,1,4086,0.0,7233,100
KF963230,spike,97.408,4089,85,3,1,4071,1,4086,0.0,6902,100
KF963231,spike,97.267,4098,88,3,1,4086,1,4086,0.0,6894,100
KF963232,spike,97.121,4098,94,3,1,4086,1,4086,0.0,6867,100
KF963233,spike,97.457,4089,83,3,1,4071,1,4086,0.0,6911,100
KF963234,spike,97.316,4098,92,3,1,4092,1,4086,0.0,6898,100
KF963235,spike,97.023,4098,98,4,1,4086,1,4086,0.0,6845,100
KF963236,spike,97.408,4089,85,3,1,4071,1,4086,0.0,6902,100
KF963237,spike,97.314,4095,95,4,1,4089,1,4086,0.0,6885,100
KF963238,spike,97.167,4095,101,4,1,4089,1,4086,0.0,6858,100
KF963239,spike,97.094,4095,104,4,1,4089,1,4086,0.0,6845,100
KF963240,spike,96.510,4098,110,5,1,4077,1,4086,0.0,6754,100
KF963241,spike,97.143,4095,102,4,1,4089,1,4086,0.0,6854,100
KF963242,spike,96.535,4098,109,5,1,4077,1,4086,0.0,6758,100
KF963243,spike,96.413,4098,114,5,1,4077,1,4086,0.0,6735,100
KF963244,spike,96.364,4098,116,5,1,4077,1,4086,0.0,6726,100
KJ768622,spike,94.118,510,21,2,1,510,1,501,0.0,784,99
KJ768623,spike,93.981,515,21,3,1,514,1,506,0.0,785,99
KJ768624,spike,94.175,515,21,2,1,515,1,506,0.0,793,99
KJ768625,spike,93.976,498,21,2,1,498,1,489,0.0,763,100
KJ768626,spike,94.175,515,21,2,1,515,1,506,0.0,793,99
KJ768627,spike,93.981,515,21,3,1,514,1,506,0.0,785,99
KJ768628,spike,93.988,499,21,2,1,499,1,490,0.0,765,100
KJ768629,spike,93.988,499,21,2,1,499,1,490,0.0,765,100
KJ768630,spike,93.988,499,21,2,1,499,1,490,0.0,765,100
KJ768631,spike,94.106,509,21,2,1,509,1,500,0.0,783,99
KJ768632,spike,94.106,509,21,2,1,509,1,500,0.0,783,99
KJ796464,spike,94.094,508,21,2,1,508,1,499,0.0,781,100
KJ866145,spike,93.743,927,37,2,1,906,1144,2070,0.0,1421,99
KJ866146,spike,93.743,927,37,2,1,906,1144,2070,0.0,1421,99
KJ866147,spike,93.743,927,37,2,1,906,1144,2070,0.0,1421,99
KJ958218,spike,96.608,4098,106,5,23641,27717,1,4086,0.0,6772,13
KJ958219,spike,96.559,4098,108,5,23641,27717,1,4086,0.0,6763,13
KM077094,spike,95.415,807,25,1,1,795,34,840,0.0,1296,100
KM077095,spike,95.043,807,28,1,1,795,34,840,0.0,1282,100
KM077096,spike,95.539,807,24,1,1,795,34,840,0.0,1300,100
KM077097,spike,95.539,807,24,1,1,795,34,840,0.0,1300,100
KM077098,spike,95.539,807,24,1,1,795,34,840,0.0,1300,100
KM077099,spike,95.539,807,24,1,1,795,34,840,0.0,1300,100
KM077100,spike,95.539,807,24,1,1,795,34,840,0.0,1300,100
KM077101,spike,95.539,807,24,1,1,795,34,840,0.0,1300,100
KM077102,spike,95.415,807,25,1,1,795,34,840,0.0,1296,100
KM077103,spike,95.415,807,25,1,1,795,34,840,0.0,1296,100
KM077104,spike,95.415,807,25,1,1,795,34,840,0.0,1296,100
KM077105,spike,95.043,807,28,1,1,795,34,840,0.0,1282,100
KM077106,spike,95.539,807,24,1,1,795,34,840,0.0,1300,100
KM077107,spike,95.539,807,24,1,1,795,34,840,0.0,1300,100
KM077108,spike,96.778,807,26,0,1,807,34,840,0.0,1339,100
KM077109,spike,94.975,816,32,1,1,816,34,840,0.0,1291,100
KM077110,spike,95.098,816,31,1,1,816,34,840,0.0,1296,100
KM077111,spike,95.098,816,31,1,1,816,34,840,0.0,1296,100
KM077112,spike,95.098,816,31,1,1,816,34,840,0.0,1296,100
KM077113,spike,94.853,816,33,1,1,816,34,840,0.0,1287,100
KM077114,spike,94.485,816,33,2,1,813,34,840,0.0,1271,100
KM077115,spike,94.608,816,32,2,1,813,34,840,0.0,1276,100
KM077116,spike,94.608,816,32,2,1,813,34,840,0.0,1276,100
KM077117,spike,94.608,816,32,2,1,813,34,840,0.0,1276,100
KM077118,spike,94.730,816,31,2,1,813,34,840,0.0,1280,100
KM077119,spike,94.853,816,30,2,1,813,34,840,0.0,1285,100
KM077120,spike,94.118,816,30,2,1,807,34,840,0.0,1263,100
KM077121,spike,94.363,816,37,1,1,816,34,840,0.0,1269,100
KM077122,spike,94.730,816,34,1,1,816,34,840,0.0,1282,100
KM077123,spike,94.608,816,35,1,1,816,34,840,0.0,1278,100
KM077124,spike,94.485,816,36,1,1,816,34,840,0.0,1273,100
KM077125,spike,94.363,816,37,1,1,816,34,840,0.0,1269,100
KM077126,spike,95.291,807,26,1,1,795,34,840,0.0,1291,100
KM077127,spike,95.415,807,25,1,1,795,34,840,0.0,1296,100
KP198610,spike,97.192,4095,100,4,23640,27728,1,4086,0.0,6863,13
KP198611,spike,97.192,4095,100,4,23640,27728,1,4086,0.0,6863,13
KR055622,spike,95.755,848,36,0,1,848,394,1241,0.0,1368,100
KR055623,spike,96.580,848,29,0,1,848,394,1241,0.0,1399,100
KR055624,spike,95.991,848,34,0,1,848,394,1241,0.0,1377,100
KR055625,spike,96.093,819,32,0,1,819,412,1230,0.0,1333,100
KR055626,spike,95.991,848,34,0,1,848,394,1241,0.0,1377,100
KR055627,spike,95.991,848,34,0,1,848,394,1241,0.0,1377,100
KR055628,spike,95.991,848,34,0,1,848,394,1241,0.0,1377,100
KR055629,spike,96.344,848,31,0,1,848,394,1241,0.0,1390,100
KR055630,spike,95.849,819,34,0,1,819,412,1230,0.0,1324,100
KR055631,spike,96.698,848,28,0,1,848,394,1241,0.0,1404,100
KR055632,spike,96.344,848,31,0,1,848,394,1241,0.0,1390,100
KR055633,spike,96.580,848,29,0,1,848,394,1241,0.0,1399,100
KR055634,spike,95.849,819,34,0,1,819,412,1230,0.0,1324,100
KR055635,spike,95.991,848,34,0,1,848,394,1241,0.0,1377,100
KR055636,spike,95.991,848,34,0,1,848,394,1241,0.0,1377,100
KR055637,spike,96.337,819,30,0,1,819,412,1230,0.0,1342,100
KR055638,spike,96.816,848,27,0,1,848,394,1241,0.0,1408,100
KR055639,spike,95.991,848,34,0,1,848,394,1241,0.0,1377,100
KR055640,spike,96.462,848,30,0,1,848,394,1241,0.0,1395,100
KR055641,spike,96.816,848,27,0,1,848,394,1241,0.0,1408,100
KR055642,spike,95.991,848,34,0,1,848,394,1241,0.0,1377,100
KR055643,spike,96.344,848,31,0,1,848,394,1241,0.0,1390,100
KR055644,spike,96.226,848,32,0,1,848,394,1241,0.0,1386,100
KR607985,spike,97.357,681,18,0,1,681,580,1260,0.0,1148,100
KR607986,spike,96.916,681,21,0,1,681,580,1260,0.0,1134,100
KR607987,spike,97.357,681,18,0,1,681,580,1260,0.0,1148,100
KR607988,spike,97.651,681,16,0,1,681,580,1260,0.0,1157,100
KR607989,spike,97.357,681,18,0,1,681,580,1260,0.0,1148,100
KU131570,spike,96.752,4095,109,5,23642,27721,1,4086,0.0,6785,13
KU745533,spike,96.462,4098,112,5,1,4077,1,4086,0.0,6744,100
KU745534,spike,96.437,4098,113,5,1,4077,1,4086,0.0,6740,100
KU745535,spike,96.462,4098,112,5,1,4077,1,4086,0.0,6744,100
KU745536,spike,96.388,4098,115,5,1,4077,1,4086,0.0,6731,100
KU745537,spike,96.462,4098,112,5,1,4077,1,4086,0.0,6744,100
KU745538,spike,96.437,4098,113,5,1,4077,1,4086,0.0,6740,100
KU745539,spike,96.437,4098,113,5,1,4077,1,4086,0.0,6740,100
KU745540,spike,97.338,4095,94,4,1,4089,1,4086,0.0,6890,100
KU745541,spike,97.289,4095,96,4,1,4089,1,4086,0.0,6881,100
KU745542,spike,97.123,4101,97,5,1,4095,1,4086,0.0,6861,100
KU745543,spike,96.413,4098,114,5,1,4077,1,4086,0.0,6735,100
KU745544,spike,96.413,4098,114,5,1,4077,1,4086,0.0,6735,100
KU745545,spike,96.437,4098,113,5,1,4077,1,4086,0.0,6740,100
KU745546,spike,97.289,4095,96,4,1,4089,1,4086,0.0,6881,100
KU745547,spike,96.462,4098,112,5,1,4077,1,4086,0.0,6744,100
KU745548,spike,96.462,4098,112,5,1,4077,1,4086,0.0,6744,100
KX344031,spike,96.608,4098,106,5,23640,27716,1,4086,0.0,6772,13
KX447776,spike,96.446,2476,64,3,1,2455,1222,3694,0.0,4077,100
KX447777,spike,96.729,2476,57,3,1,2455,1222,3694,0.0,4109,100
KX447778,spike,97.536,2476,52,2,1,2470,1222,3694,0.0,4190,100
KX447779,spike,96.729,2476,57,3,1,2455,1222,3694,0.0,4109,100
KX447780,spike,96.688,2476,57,4,1,2454,1222,3694,0.0,4101,100
KX447781,spike,96.688,2476,58,3,1,2455,1222,3694,0.0,4104,100
KX447782,spike,97.698,2476,48,2,1,2470,1222,3694,0.0,4208,100
KX447783,spike,97.536,2476,52,2,1,2470,1222,3694,0.0,4190,100
KX447784,spike,96.648,2476,59,3,1,2455,1222,3694,0.0,4100,100
KX447785,spike,96.729,2476,57,3,1,2455,1222,3694,0.0,4109,100
KX447786,spike,96.567,2476,61,3,1,2455,1222,3694,0.0,4091,100
KX447787,spike,96.567,2476,61,3,1,2455,1222,3694,0.0,4091,100
KX447788,spike,96.405,2476,65,3,1,2455,1222,3694,0.0,4073,100
KX447789,spike,96.527,2476,62,3,1,2455,1222,3694,0.0,4086,100
KX447790,spike,96.567,2476,61,3,1,2455,1222,3694,0.0,4091,100
KX538964,spike,96.535,4098,109,5,23640,27716,1,4086,0.0,6758,13
KX538965,spike,96.367,4101,113,6,23640,27719,1,4086,0.0,6730,13
KX538966,spike,96.510,4098,110,5,23640,27716,1,4086,0.0,6754,13
KX538967,spike,96.342,4101,114,6,23640,27719,1,4086,0.0,6726,13
KX538968,spike,96.391,4101,112,6,23640,27719,1,4086,0.0,6735,13
KX538969,spike,96.391,4101,112,6,23640,27719,1,4086,0.0,6735,13
KX538970,spike,96.559,4098,108,5,23640,27716,1,4086,0.0,6763,13
KX538971,spike,96.391,4101,112,6,23640,27719,1,4086,0.0,6735,13
KX538972,spike,96.584,4098,107,5,23640,27716,1,4086,0.0,6767,13
KX538973,spike,96.391,4101,112,6,23640,27719,1,4086,0.0,6735,13
KX538974,spike,96.342,4101,114,6,23640,27719,1,4086,0.0,6726,13
KX538975,spike,96.294,4101,116,6,23640,27719,1,4086,0.0,6717,13
KX538976,spike,96.559,4098,108,5,23640,27716,1,4086,0.0,6763,13
KX538977,spike,96.367,4101,113,6,23640,27719,1,4086,0.0,6730,13
KX538978,spike,96.486,4098,111,5,23640,27716,1,4086,0.0,6749,13
KX538979,spike,96.486,4098,111,5,23640,27716,1,4086,0.0,6749,13
KY014281,spike,97.481,4089,82,3,23558,27628,1,4086,0.0,6916,13
KY014282,spike,97.167,4095,101,4,23611,27699,1,4086,0.0,6858,13
KY369905,spike,96.388,4098,115,5,23633,27709,1,4086,0.0,6731,13
KY369906,spike,96.364,4098,116,5,23633,27709,1,4086,0.0,6726,13
KY369907,spike,96.291,4098,119,5,23652,27728,1,4086,0.0,6713,13
KY554972,spike,96.681,4098,103,5,23640,27716,1,4086,0.0,6785,13
KY554973,spike,96.681,4098,103,5,23640,27716,1,4086,0.0,6785,13
KY554974,spike,96.608,4098,106,5,23640,27716,1,4086,0.0,6772,13
KY554975,spike,96.584,4098,107,5,23640,27716,1,4086,0.0,6767,13
KY674917,spike,96.681,4098,103,5,23621,27697,1,4086,0.0,6785,13
KY674918,spike,96.681,4098,103,5,23602,27678,1,4086,0.0,6785,13
KY674920,spike,96.559,4098,108,5,23548,27624,1,4086,0.0,6763,13
KY684759,spike,96.266,4098,120,5,23614,27690,1,4086,0.0,6708,13
KY967356,spike,96.437,4098,113,5,23602,27678,1,4086,0.0,6740,13
KY967358,spike,96.315,4098,118,5,23614,27690,1,4086,0.0,6717,13
KY967359,spike,96.291,4098,119,5,23620,27696,1,4086,0.0,6713,13
KY967360,spike,97.021,4095,107,4,23602,27690,1,4086,0.0,6831,13
KY967361,spike,96.315,4098,118,5,23614,27690,1,4086,0.0,6717,13
KY983583,spike,96.364,4098,116,5,23614,27690,1,4086,0.0,6726,13
KY983585,spike,96.315,4098,118,5,23618,27694,1,4086,0.0,6717,13
KY983588,spike,96.364,4098,116,5,23614,27690,1,4086,0.0,6726,13
L14643,spike,99.192,4086,9,3,32,4093,1,4086,0.0,7229,97
LC315646,spike,96.830,4101,115,4,23640,27740,1,4086,0.0,6806,13
LC315647,spike,96.388,4098,115,5,23644,27720,1,4086,0.0,6731,13
LC315648,spike,96.462,4098,112,5,23641,27717,1,4086,0.0,6744,13
LC315649,spike,97.070,4095,105,4,23641,27729,1,4086,0.0,6840,13
LC331068,spike,94.805,2310,87,5,1,2289,1,2298,0.0,3633,100
LC331069,spike,94.805,2310,87,5,1,2289,1,2298,0.0,3633,100
LC331070,spike,94.416,2310,96,5,1,2289,1,2298,0.0,3592,100
LC331071,spike,94.632,2310,91,5,1,2289,1,2298,0.0,3615,100
LC331072,spike,94.632,2310,91,5,1,2289,1,2298,0.0,3615,100
LC331073,spike,94.805,2310,87,5,1,2289,1,2298,0.0,3633,100
LC331074,spike,94.719,2310,89,5,1,2289,1,2298,0.0,3624,100
LC331075,spike,94.632,2310,91,5,1,2289,1,2298,0.0,3615,100
LC331076,spike,94.545,2310,93,5,1,2289,1,2298,0.0,3606,100
LC331077,spike,94.545,2310,93,5,1,2289,1,2298,0.0,3606,100
LC331078,spike,94.632,2310,91,5,1,2289,1,2298,0.0,3615,100
LC331079,spike,95.925,2307,79,4,1,2301,1,2298,0.0,3733,100
LC331080,spike,95.969,2307,78,4,1,2301,1,2298,0.0,3737,100
LC331081,spike,96.055,2307,76,4,1,2301,1,2298,0.0,3746,100
LC331082,spike,96.012,2307,77,4,1,2301,1,2298,0.0,3742,100
LC331083,spike,94.416,2310,96,5,1,2289,1,2298,0.0,3592,100
LC331084,spike,96.012,2307,77,4,1,2301,1,2298,0.0,3742,100
LC331085,spike,96.012,2307,77,4,1,2301,1,2298,0.0,3742,100
LC331086,spike,95.925,2307,79,4,1,2301,1,2298,0.0,3734,100
LC331087,spike,96.012,2307,77,4,1,2301,1,2298,0.0,3742,100
LC331088,spike,96.012,2307,77,4,1,2301,1,2298,0.0,3742,100
LC331089,spike,95.969,2307,78,4,1,2301,1,2298,0.0,3737,100
LC331090,spike,96.012,2307,77,4,1,2301,1,2298,0.0,3742,100
LC331091,spike,96.012,2307,77,4,1,2301,1,2298,0.0,3742,100
LC331092,spike,95.969,2307,78,4,1,2301,1,2298,0.0,3737,100
LC331093,spike,95.925,2307,79,4,1,2301,1,2298,0.0,3733,100
LC506755,spike,96.055,2307,76,4,1,2301,1,2298,0.0,3746,100
LC506756,spike,96.055,2307,76,4,1,2301,1,2298,0.0,3746,100
LC506757,spike,96.055,2307,76,4,1,2301,1,2298,0.0,3746,100
LC506758,spike,96.055,2307,76,4,1,2301,1,2298,0.0,3746,100
LC506759,spike,96.055,2307,76,4,1,2301,1,2298,0.0,3746,100
LC506760,spike,96.055,2307,76,4,1,2301,1,2298,0.0,3746,100
LC506761,spike,95.969,2307,78,4,1,2301,1,2298,0.0,3737,100
LC506762,spike,96.012,2307,77,4,1,2301,1,2298,0.0,3742,100
LC506763,spike,96.055,2307,76,4,1,2301,1,2298,0.0,3746,100
LC506764,spike,96.055,2307,76,4,1,2301,1,2298,0.0,3746,100
LC506765,spike,94.848,2310,86,5,1,2289,1,2298,0.0,3637,100
LC506766,spike,96.055,2307,76,4,1,2301,1,2298,0.0,3746,100
LC506767,spike,94.762,2310,88,5,1,2289,1,2298,0.0,3628,100
LC506768,spike,94.805,2310,87,5,1,2289,1,2298,0.0,3633,100
LC506769,spike,94.762,2310,88,5,1,2289,1,2298,0.0,3628,100
LC506770,spike,94.805,2310,87,5,1,2289,1,2298,0.0,3633,100
LC506771,spike,94.762,2310,88,5,1,2289,1,2298,0.0,3628,100
LC506772,spike,94.805,2310,87,5,1,2289,1,2298,0.0,3633,100
LC506773,spike,94.848,2310,86,5,1,2289,1,2298,0.0,3637,100
LC506774,spike,96.099,2307,75,4,1,2301,1,2298,0.0,3751,100
LC506775,spike,96.099,2307,75,4,1,2301,1,2298,0.0,3751,100
LC506776,spike,96.099,2307,75,4,1,2301,1,2298,0.0,3751,100
LC506777,spike,96.099,2307,75,4,1,2301,1,2298,0.0,3751,100
LC506778,spike,96.142,2307,74,4,1,2301,1,2298,0.0,3755,100
LC506779,spike,96.142,2307,74,4,1,2301,1,2298,0.0,3755,100
LC506780,spike,96.099,2307,75,4,1,2301,1,2298,0.0,3751,100
LC506781,spike,96.099,2307,75,4,1,2301,1,2298,0.0,3751,100
LC506782,spike,96.012,2307,77,4,1,2301,1,2298,0.0,3742,100
LC506783,spike,96.142,2307,74,4,1,2301,1,2298,0.0,3755,100
LC506784,spike,96.099,2307,75,4,1,2301,1,2298,0.0,3751,100
LC506785,spike,96.099,2307,75,4,1,2301,1,2298,0.0,3751,100
LC506786,spike,96.055,2307,76,4,1,2301,1,2298,0.0,3746,100
LC506787,spike,96.099,2307,75,4,1,2301,1,2298,0.0,3751,100
LC506788,spike,96.099,2307,75,4,1,2301,1,2298,0.0,3751,100
LC506789,spike,96.099,2307,75,4,1,2301,1,2298,0.0,3751,100
LC506790,spike,94.892,2310,85,5,1,2289,1,2298,0.0,3642,100
LC506791,spike,94.978,2310,83,5,1,2289,1,2298,0.0,3651,100
LC506792,spike,94.848,2310,86,5,1,2289,1,2298,0.0,3637,100
LC506793,spike,94.935,2310,84,5,1,2289,1,2298,0.0,3646,100
LC506794,spike,95.022,2310,82,5,1,2289,1,2298,0.0,3655,100
LC506795,spike,94.805,2310,87,5,1,2289,1,2298,0.0,3633,100
LC506796,spike,94.935,2310,84,5,1,2289,1,2298,0.0,3646,100
LC506797,spike,94.805,2310,87,5,1,2289,1,2298,0.0,3633,100
LC506798,spike,94.892,2310,85,5,1,2289,1,2298,0.0,3642,100
LC506799,spike,94.978,2310,83,5,1,2289,1,2298,0.0,3651,100
LC506800,spike,94.805,2310,87,5,1,2289,1,2298,0.0,3633,100
LC506801,spike,94.892,2310,85,5,1,2289,1,2298,0.0,3642,100
LC506802,spike,94.892,2310,85,5,1,2289,1,2298,0.0,3642,100
LC506803,spike,94.762,2310,88,5,1,2289,1,2298,0.0,3628,100
LC506804,spike,94.978,2310,83,5,1,2289,1,2298,0.0,3651,100
LC506805,spike,94.935,2310,84,5,1,2289,1,2298,0.0,3646,100
LC506806,spike,94.848,2310,86,5,1,2289,1,2298,0.0,3637,100
LC506807,spike,94.848,2310,86,5,1,2289,1,2298,0.0,3637,100
LC506808,spike,94.848,2310,86,5,1,2289,1,2298,0.0,3637,100
LC506809,spike,94.892,2310,85,5,1,2289,1,2298,0.0,3642,100
LC506810,spike,94.978,2310,83,5,1,2289,1,2298,0.0,3651,100
LC506811,spike,94.892,2310,85,5,1,2289,1,2298,0.0,3642,100
LC506812,spike,94.935,2310,84,5,1,2289,1,2298,0.0,3646,100
LC506813,spike,94.935,2310,84,5,1,2289,1,2298,0.0,3646,100
LC506814,spike,94.935,2310,84,5,1,2289,1,2298,0.0,3646,100
LC506815,spike,94.805,2310,87,5,1,2289,1,2298,0.0,3633,100
LC506816,spike,94.892,2310,85,5,1,2289,1,2298,0.0,3642,100
LC506817,spike,94.892,2310,85,5,1,2289,1,2298,0.0,3642,100
LC506818,spike,94.892,2310,85,5,1,2289,1,2298,0.0,3642,100
LC506819,spike,94.719,2310,89,5,1,2289,1,2298,0.0,3624,100
LC506820,spike,94.978,2310,83,5,1,2289,1,2298,0.0,3651,100
LC506821,spike,96.055,2307,76,4,1,2301,1,2298,0.0,3746,100
LC506822,spike,94.719,2310,89,5,1,2289,1,2298,0.0,3624,100
LC506823,spike,94.719,2310,89,5,1,2289,1,2298,0.0,3624,100
LC506824,spike,96.055,2307,76,4,1,2301,1,2298,0.0,3746,100
LC506825,spike,96.012,2307,77,4,1,2301,1,2298,0.0,3742,100
LC506826,spike,96.012,2307,77,4,1,2301,1,2298,0.0,3742,100
LC506827,spike,96.055,2307,76,4,1,2301,1,2298,0.0,3746,100
LC506828,spike,96.012,2307,77,4,1,2301,1,2298,0.0,3742,100
LC506829,spike,96.055,2307,76,4,1,2301,1,2298,0.0,3746,100
LC506830,spike,96.055,2307,76,4,1,2301,1,2298,0.0,3746,100
LC506831,spike,95.969,2307,78,4,1,2301,1,2298,0.0,3737,100
LC506832,spike,94.719,2310,89,5,1,2289,1,2298,0.0,3624,100
LC506833,spike,96.186,2307,73,4,1,2301,1,2298,0.0,3760,100
LC506834,spike,94.719,2310,89,5,1,2289,1,2298,0.0,3624,100
LC506835,spike,94.719,2310,89,5,1,2289,1,2298,0.0,3624,100
LC506836,spike,94.675,2310,90,5,1,2289,1,2298,0.0,3619,100
LC506837,spike,94.719,2310,89,5,1,2289,1,2298,0.0,3624,100
LC506838,spike,95.969,2307,78,4,1,2301,1,2298,0.0,3737,100
LC506839,spike,96.055,2307,76,4,1,2301,1,2298,0.0,3746,100
LC506840,spike,96.055,2307,76,4,1,2301,1,2298,0.0,3746,100
LC506841,spike,94.632,2310,91,5,1,2289,1,2298,0.0,3615,100
LC506842,spike,94.675,2310,90,5,1,2289,1,2298,0.0,3619,100
LC506843,spike,94.632,2310,91,5,1,2289,1,2298,0.0,3615,100
LC506844,spike,94.762,2310,88,5,1,2289,1,2298,0.0,3628,100
LC506845,spike,94.805,2310,87,5,1,2289,1,2298,0.0,3633,100
LC506846,spike,94.805,2310,87,5,1,2289,1,2298,0.0,3633,100
LC506847,spike,94.632,2310,91,5,1,2289,1,2298,0.0,3615,100
LC506848,spike,94.805,2310,87,5,1,2289,1,2298,0.0,3633,100
LC506849,spike,94.805,2310,87,5,1,2289,1,2298,0.0,3633,100
LC506850,spike,94.805,2310,87,5,1,2289,1,2298,0.0,3633,100
LC506851,spike,94.805,2310,87,5,1,2289,1,2298,0.0,3633,100
LC506852,spike,94.805,2310,87,5,1,2289,1,2298,0.0,3633,100
LC506853,spike,94.805,2310,87,5,1,2289,1,2298,0.0,3633,100
LC506854,spike,94.805,2310,87,5,1,2289,1,2298,0.0,3633,100
LC506855,spike,94.632,2310,91,5,1,2289,1,2298,0.0,3615,100
LC506856,spike,94.719,2310,89,5,1,2289,1,2298,0.0,3624,100
LC506857,spike,94.805,2310,87,5,1,2289,1,2298,0.0,3633,100
LC506858,spike,94.719,2310,89,5,1,2289,1,2298,0.0,3624,100
LC506859,spike,94.675,2310,90,5,1,2289,1,2298,0.0,3619,100
LC506860,spike,94.632,2310,91,5,1,2289,1,2298,0.0,3615,100
LC506861,spike,94.719,2310,89,5,1,2289,1,2298,0.0,3624,100
LC506862,spike,94.632,2310,91,5,1,2289,1,2298,0.0,3615,100
LC506863,spike,94.632,2310,91,5,1,2289,1,2298,0.0,3615,100
LC506864,spike,94.632,2310,91,5,1,2289,1,2298,0.0,3615,100
LC506865,spike,94.632,2310,91,5,1,2289,1,2298,0.0,3615,100
LC506866,spike,96.012,2307,77,4,1,2301,1,2298,0.0,3742,100
LC506867,spike,94.719,2310,89,5,1,2289,1,2298,0.0,3624,100
LC506868,spike,95.969,2307,78,4,1,2301,1,2298,0.0,3737,100
LC506869,spike,94.632,2310,91,5,1,2289,1,2298,0.0,3615,100
LC506870,spike,94.719,2310,89,5,1,2289,1,2298,0.0,3624,100
LC506871,spike,94.719,2310,89,5,1,2289,1,2298,0.0,3624,100
LC506872,spike,96.012,2307,77,4,1,2301,1,2298,0.0,3742,100
LC506873,spike,94.805,2310,87,5,1,2289,1,2298,0.0,3633,100
LC506874,spike,94.632,2310,91,5,1,2289,1,2298,0.0,3615,100
LC506875,spike,94.632,2310,91,5,1,2289,1,2298,0.0,3615,100
LC506876,spike,94.632,2310,91,5,1,2289,1,2298,0.0,3615,100
LC506877,spike,94.632,2310,91,5,1,2289,1,2298,0.0,3615,100
LC506878,spike,94.632,2310,91,5,1,2289,1,2298,0.0,3615,100
LC506879,spike,94.632,2310,91,5,1,2289,1,2298,0.0,3615,100
LC506880,spike,94.805,2310,87,5,1,2289,1,2298,0.0,3633,100
LC506881,spike,94.632,2310,91,5,1,2289,1,2298,0.0,3615,100
LC506882,spike,94.805,2310,87,5,1,2289,1,2298,0.0,3633,100
LC506883,spike,94.632,2310,91,5,1,2289,1,2298,0.0,3615,100
LC506884,spike,94.632,2310,91,5,1,2289,1,2298,0.0,3615,100
LC506885,spike,94.675,2310,90,5,1,2289,1,2298,0.0,3619,100
LC506886,spike,94.632,2310,91,5,1,2289,1,2298,0.0,3615,100
LC506887,spike,94.719,2310,89,5,1,2289,1,2298,0.0,3624,100
LC506888,spike,94.632,2310,91,5,1,2289,1,2298,0.0,3615,100
LC506889,spike,94.545,2310,93,5,1,2289,1,2298,0.0,3606,100
LC506890,spike,94.632,2310,91,5,1,2289,1,2298,0.0,3615,100
LC506891,spike,94.632,2310,91,5,1,2289,1,2298,0.0,3615,100
LC506892,spike,94.675,2310,90,5,1,2289,1,2298,0.0,3619,100
LC506893,spike,94.632,2310,91,5,1,2289,1,2298,0.0,3615,100
LC506894,spike,94.416,2310,96,5,1,2289,1,2298,0.0,3592,100
LC506895,spike,94.762,2310,88,5,1,2289,1,2298,0.0,3628,100
LC506896,spike,94.632,2310,91,5,1,2289,1,2298,0.0,3615,100
LC506897,spike,94.632,2310,91,5,1,2289,1,2298,0.0,3615,100
LC506898,spike,94.589,2310,92,5,1,2289,1,2298,0.0,3610,100
LC506899,spike,94.719,2310,89,5,1,2289,1,2298,0.0,3624,100
LC506900,spike,94.719,2310,89,5,1,2289,1,2298,0.0,3624,100
LC506901,spike,94.632,2310,91,5,1,2289,1,2298,0.0,3615,100
LC506902,spike,94.805,2310,87,5,1,2289,1,2298,0.0,3633,100
LC506903,spike,94.589,2310,92,5,1,2289,1,2298,0.0,3610,100
LC506904,spike,94.719,2310,89,5,1,2289,1,2298,0.0,3624,100
LC506905,spike,94.632,2310,91,5,1,2289,1,2298,0.0,3615,100
LC506906,spike,94.632,2310,91,5,1,2289,1,2298,0.0,3615,100
LC506907,spike,94.545,2310,93,5,1,2289,1,2298,0.0,3606,100
LC506908,spike,94.545,2310,93,5,1,2289,1,2298,0.0,3606,100
LC506909,spike,94.545,2310,93,5,1,2289,1,2298,0.0,3606,100
LC506910,spike,94.545,2310,93,5,1,2289,1,2298,0.0,3606,100
LC506911,spike,94.719,2310,89,5,1,2289,1,2298,0.0,3624,100
LC506912,spike,94.632,2310,91,5,1,2289,1,2298,0.0,3615,100
LC506913,spike,94.589,2310,92,5,1,2289,1,2298,0.0,3610,100
LC506914,spike,94.805,2310,87,5,1,2289,1,2298,0.0,3633,100
LC506915,spike,94.632,2310,91,5,1,2289,1,2298,0.0,3615,100
LC506916,spike,94.675,2310,90,5,1,2289,1,2298,0.0,3619,100
LC506917,spike,94.416,2310,96,5,1,2289,1,2298,0.0,3592,100
LC506918,spike,94.372,2310,97,5,1,2289,1,2298,0.0,3588,100
LC506919,spike,94.459,2310,95,5,1,2289,1,2298,0.0,3597,100
LC506920,spike,94.416,2310,96,5,1,2289,1,2298,0.0,3592,100
LC506921,spike,94.416,2310,96,5,1,2289,1,2298,0.0,3592,100
LC506922,spike,94.416,2310,96,5,1,2289,1,2298,0.0,3592,100
LC506923,spike,94.459,2310,95,5,1,2289,1,2298,0.0,3597,100
LC506924,spike,94.459,2310,95,5,1,2289,1,2298,0.0,3597,100
LC506925,spike,94.459,2310,95,5,1,2289,1,2298,0.0,3597,100
LC506926,spike,94.416,2310,96,5,1,2289,1,2298,0.0,3592,100
LC506927,spike,94.459,2310,95,5,1,2289,1,2298,0.0,3597,100
LC506928,spike,94.416,2310,96,5,1,2289,1,2298,0.0,3592,100
LC506929,spike,94.459,2310,95,5,1,2289,1,2298,0.0,3597,100
LC506930,spike,94.459,2310,95,5,1,2289,1,2298,0.0,3597,100
LC506931,spike,94.250,2313,97,6,1,2292,1,2298,0.0,3578,100
LC506932,spike,94.459,2310,95,5,1,2289,1,2298,0.0,3597,100
LC506933,spike,94.459,2310,95,5,1,2289,1,2298,0.0,3597,100
LC506934,spike,94.459,2310,95,5,1,2289,1,2298,0.0,3597,100
LC506935,spike,94.502,2310,94,5,1,2289,1,2298,0.0,3601,100
LC506936,spike,94.416,2310,96,5,1,2289,1,2298,0.0,3592,100
LC506937,spike,94.416,2310,96,5,1,2289,1,2298,0.0,3592,100
LC506938,spike,94.286,2310,99,5,1,2289,1,2298,0.0,3579,100
LC506939,spike,95.969,2307,78,4,1,2301,1,2298,0.0,3737,100
LC506940,spike,94.459,2310,95,5,1,2289,1,2298,0.0,3597,100
LC506941,spike,94.459,2310,95,5,1,2289,1,2298,0.0,3597,100
LC506942,spike,94.416,2310,96,5,1,2289,1,2298,0.0,3592,100
LC506943,spike,94.459,2310,95,5,1,2289,1,2298,0.0,3597,100
LC506944,spike,94.459,2310,95,5,1,2289,1,2298,0.0,3597,100
LC506945,spike,94.416,2310,96,5,1,2289,1,2298,0.0,3592,100
LC506946,spike,96.099,2307,75,4,1,2301,1,2298,0.0,3751,100
LC506947,spike,96.099,2307,75,4,1,2301,1,2298,0.0,3751,100
LC506948,spike,96.099,2307,75,4,1,2301,1,2298,0.0,3751,100
LC506949,spike,96.099,2307,75,4,1,2301,1,2298,0.0,3751,100
LC506950,spike,94.805,2310,87,5,1,2289,1,2298,0.0,3633,100
LC506951,spike,94.502,2310,94,5,1,2289,1,2298,0.0,3601,100
LC543632,spike,94.074,675,31,2,1,675,1,666,0.0,1037,100
LC543633,spike,94.519,675,28,2,1,675,1,666,0.0,1050,100
LC543634,spike,94.370,675,29,2,1,675,1,666,0.0,1046,100
LC543635,spike,93.333,675,36,2,1,675,1,666,0.0,1014,100
LC543636,spike,92.920,678,36,3,1,678,1,666,0.0,1004,100
LC654450,spike,96.923,4095,111,4,23628,27716,1,4086,0.0,6813,13
LC654451,spike,96.635,4101,123,4,23633,27733,1,4086,0.0,6770,13
LC654452,spike,96.684,4101,121,4,23633,27733,1,4086,0.0,6779,13
LC654453,spike,97.314,4095,95,4,23635,27723,1,4086,0.0,6885,13
LC654454,spike,96.684,4101,121,4,23631,27731,1,4086,0.0,6779,13
LC654456,spike,97.021,4095,107,4,23641,27729,1,4086,0.0,6831,13
LC687398,spike,96.022,4098,121,4,23614,27681,1,4086,0.0,6676,13
LC687399,spike,96.038,4089,123,3,23633,27685,1,4086,0.0,6666,13
LC687400,spike,96.047,4098,120,4,23633,27700,1,4086,0.0,6680,13
LC720427,spike,96.096,4098,127,5,23641,27717,1,4086,0.0,6677,13
LC720429,spike,95.949,4098,124,4,23630,27697,1,4086,0.0,6662,13
LC756669,spike,96.947,4095,110,4,23642,27730,1,4086,0.0,6818,13
LC756670,spike,96.923,4095,111,4,23642,27730,1,4086,0.0,6813,13
LC817383,spike,96.334,4092,108,4,23613,27668,1,4086,0.0,6724,13
LC823190,spike,96.923,4095,111,4,23635,27723,1,4086,0.0,6813,13
LC823191,spike,96.923,4095,111,4,23635,27723,1,4086,0.0,6813,13
LC823192,spike,95.879,4101,133,6,23635,27714,1,4086,0.0,6640,13
LC823193,spike,95.879,4101,133,6,23635,27714,1,4086,0.0,6640,13
M99576,spike,97.727,44,1,0,1,44,4043,4086,6.96e-17,76.1,6
MF314143,spike,97.045,4095,106,4,23641,27729,1,4086,0.0,6836,13
MF374983,spike,96.388,4098,115,5,23647,27723,1,4086,0.0,6731,13
MF374984,spike,96.332,4089,147,1,23632,27720,1,4086,0.0,6726,13
MF374985,spike,96.437,4098,119,6,23642,27724,1,4086,0.0,6730,13
MG197709,spike,97.387,4095,92,4,23548,27636,1,4086,0.0,6899,13
MG197710,spike,96.437,4098,113,5,23545,27621,1,4086,0.0,6740,13
MG197711,spike,97.363,4095,93,4,23552,27640,1,4086,0.0,6894,13
MG197712,spike,96.437,4098,113,5,23544,27620,1,4086,0.0,6740,13
MG197713,spike,96.340,4098,117,5,23552,27628,1,4086,0.0,6722,13
MG197714,spike,97.265,4095,97,4,23562,27650,1,4086,0.0,6876,13
MG197715,spike,96.486,4098,111,5,23565,27641,1,4086,0.0,6749,13
MG197716,spike,96.388,4098,115,5,23565,27641,1,4086,0.0,6731,13
MG197717,spike,96.413,4098,114,5,23562,27638,1,4086,0.0,6735,13
MG197718,spike,97.314,4095,95,4,23544,27632,1,4086,0.0,6885,13
MG197719,spike,97.265,4095,97,4,23533,27621,1,4086,0.0,6876,13
MG197720,spike,97.338,4095,94,4,23554,27642,1,4086,0.0,6890,13
MG197721,spike,97.314,4095,95,4,23541,27629,1,4086,0.0,6885,13
MG197722,spike,96.437,4098,113,5,23531,27607,1,4086,0.0,6740,13
MG197723,spike,96.340,4098,117,5,23573,27649,1,4086,0.0,6722,13
MG977444,spike,96.172,4101,121,6,23508,27587,1,4086,0.0,6696,13
MG977445,spike,96.196,4101,120,6,23603,27682,1,4086,0.0,6698,13
MG977446,spike,95.544,2042,88,1,24972,27013,1528,3566,0.0,3313,13
MG977446,spike,94.964,1390,58,3,23433,24822,1,1378,0.0,2189,13
MG977446,spike,99.085,437,4,0,27097,27533,3650,4086,0.0,771,13
MG977447,spike,96.196,4101,120,6,23629,27708,1,4086,0.0,6698,13
MG977448,spike,96.196,4101,120,6,23463,27542,1,4086,0.0,6698,13
MG977449,spike,96.196,4101,120,6,23645,27724,1,4086,0.0,6698,13
MG977450,spike,94.149,1316,65,3,23473,24788,1,1304,0.0,2031,11
MG977450,spike,98.824,1020,12,0,26554,27573,3067,4086,0.0,1786,11
MG977450,spike,98.241,398,7,0,26082,26479,2595,2992,0.0,690,11
MG977450,spike,90.268,298,29,0,25010,25307,1526,1823,4.73e-120,424,11
MG977450,spike,83.815,346,53,1,25593,25938,2109,2451,8.55e-117,413,11
MG977450,spike,92.683,82,6,0,24845,24926,1361,1442,2.16e-29,122,11
MG977451,spike,96.294,4101,116,6,23646,27725,1,4086,0.0,6722,13
MG977452,spike,96.196,4101,120,6,23628,27707,1,4086,0.0,6698,13
MH121121,spike,96.340,4098,117,5,23649,27725,1,4086,0.0,6722,13
MH828490,spike,96.801,4095,116,5,23640,27728,1,4086,0.0,6786,13
MK303619,spike,96.340,4098,117,5,23620,27696,1,4086,0.0,6722,13
MK303620,spike,96.462,4098,112,5,23620,27696,1,4086,0.0,6744,13
MK303621,spike,96.388,4098,115,5,23620,27696,1,4086,0.0,6731,13
MK303622,spike,96.486,4098,111,5,23620,27696,1,4086,0.0,6749,13
MK303623,spike,96.315,4098,118,5,23620,27696,1,4086,0.0,6717,13
MK303624,spike,96.364,4098,116,5,23620,27696,1,4086,0.0,6726,13
MK303625,spike,97.314,4095,95,4,23620,27708,1,4086,0.0,6885,13
MK327281,spike,97.070,4095,105,4,23620,27708,1,4086,0.0,6840,13
MN026164,spike,96.266,4098,120,5,23706,27782,1,4086,0.0,6708,13
MN026165,spike,96.947,4095,107,5,23260,27345,1,4086,0.0,6816,13
MN306036,spike,96.218,4098,122,5,23614,27690,1,4086,0.0,6700,13
MN306041,spike,96.242,4098,121,5,23649,27725,1,4086,0.0,6704,13
MN306042,spike,96.266,4098,120,5,23649,27725,1,4086,0.0,6708,13
MN306043,spike,97.118,4095,103,4,23638,27726,1,4086,0.0,6849,13
MN306053,spike,96.218,4098,122,5,23743,27819,1,4086,0.0,6699,13
MN310476,spike,97.192,4095,100,4,23602,27690,1,4086,0.0,6863,13
MN310478,spike,96.242,4098,121,5,23614,27690,1,4086,0.0,6704,13
MN488632,spike,98.616,289,4,0,1,289,897,1185,1.59e-146,504,100
MN488633,spike,96.925,4098,102,4,1,4086,1,4086,0.0,6827,100
MN488634,spike,96.925,4098,102,4,1,4086,1,4086,0.0,6827,100
MN488635,spike,96.828,4098,109,6,1,4089,1,4086,0.0,6797,100
MN630522,spike,96.814,2856,67,3,1,2835,1090,3942,0.0,4749,100
MN630523,spike,96.989,2856,62,3,1,2835,1090,3942,0.0,4772,100
MN630524,spike,96.884,2856,65,3,1,2835,1090,3942,0.0,4758,100
MN630525,spike,96.849,2856,66,3,1,2835,1090,3942,0.0,4754,100
MN630526,spike,96.884,2856,65,3,1,2835,1090,3942,0.0,4758,100
MN630527,spike,96.849,2856,66,3,1,2835,1090,3942,0.0,4754,100
MN630528,spike,96.849,2856,66,3,1,2835,1090,3942,0.0,4754,100
MN630529,spike,97.866,2859,52,2,1,2853,1087,3942,0.0,4881,100
MN630530,spike,96.919,2856,64,3,1,2835,1090,3942,0.0,4763,100
MN630531,spike,96.919,2856,64,3,1,2835,1090,3942,0.0,4763,100
MN630532,spike,96.884,2856,65,3,1,2835,1090,3942,0.0,4758,100
MN630533,spike,97.866,2859,52,2,1,2853,1087,3942,0.0,4881,100
MN630534,spike,96.814,2856,67,3,1,2835,1090,3942,0.0,4749,100
MN630535,spike,96.884,2856,65,3,1,2835,1090,3942,0.0,4758,100
MN630536,spike,97.024,2856,61,3,1,2835,1090,3942,0.0,4776,100
MN630537,spike,96.849,2856,66,3,1,2835,1090,3942,0.0,4754,100
MN630538,spike,97.796,2859,54,2,1,2853,1087,3942,0.0,4872,100
MN630539,spike,96.849,2856,66,3,1,2835,1090,3942,0.0,4754,100
MN630540,spike,96.989,2856,62,3,1,2835,1090,3942,0.0,4772,100
MN630541,spike,96.884,2856,65,3,1,2835,1090,3942,0.0,4758,100
MN630542,spike,96.884,2856,65,3,1,2835,1090,3942,0.0,4758,100
MN630543,spike,96.849,2856,66,3,1,2835,1090,3942,0.0,4754,100
MN630544,spike,96.884,2856,65,3,1,2835,1090,3942,0.0,4758,100
MN630545,spike,97.761,2859,55,2,1,2853,1087,3942,0.0,4867,100
MN630546,spike,96.884,2856,65,3,1,2835,1090,3942,0.0,4758,100
MN630547,spike,96.884,2856,65,3,1,2835,1090,3942,0.0,4758,100
MN630548,spike,96.884,2856,65,3,1,2835,1090,3942,0.0,4758,100
MN630549,spike,96.989,2856,62,3,1,2835,1090,3942,0.0,4772,100
MN630550,spike,96.849,2856,66,3,1,2835,1090,3942,0.0,4754,100
MN630551,spike,96.884,2856,65,3,1,2835,1090,3942,0.0,4758,100
MN630552,spike,97.024,2856,61,3,1,2835,1090,3942,0.0,4776,100
MN630553,spike,96.849,2856,66,3,1,2835,1090,3942,0.0,4754,100
MN630554,spike,96.884,2856,65,3,1,2835,1090,3942,0.0,4758,100
MN630555,spike,96.919,2856,64,3,1,2835,1090,3942,0.0,4763,100
MN630556,spike,96.849,2856,66,3,1,2835,1090,3942,0.0,4754,100
MN630557,spike,96.884,2856,65,3,1,2835,1090,3942,0.0,4758,100
MN630558,spike,96.884,2856,65,3,1,2835,1090,3942,0.0,4758,100
MN630559,spike,97.866,2859,52,2,1,2853,1087,3942,0.0,4881,100
MN630560,spike,97.866,2859,52,2,1,2853,1087,3942,0.0,4881,100
MN630561,spike,96.849,2856,66,3,1,2835,1090,3942,0.0,4754,100
MT118667,spike,96.291,4098,119,5,23652,27728,1,4086,0.0,6713,13
MT118668,spike,97.167,4095,101,4,23637,27725,1,4086,0.0,6858,13
MT118671,spike,96.923,4095,111,4,23602,27690,1,4086,0.0,6813,13
MT118672,spike,96.923,4095,111,4,23553,27641,1,4086,0.0,6813,13
MT118673,spike,96.242,4098,121,5,23649,27725,1,4086,0.0,6704,13
MT118678,spike,96.193,4098,123,5,23652,27728,1,4086,0.0,6695,13
MT118683,spike,96.193,4098,123,5,23649,27725,1,4086,0.0,6695,13
MT118685,spike,96.242,4098,121,5,23649,27725,1,4086,0.0,6704,13
MT118692,spike,96.242,4098,121,5,23565,27641,1,4086,0.0,6704,13
MW052042,spike,97.265,4095,97,4,23602,27690,1,4086,0.0,6876,13
MW202339,spike,97.167,4095,101,4,23627,27715,1,4086,0.0,6858,14
MW411432,spike,96.120,4098,126,5,23649,27725,1,4086,0.0,6681,13
MW411433,spike,96.096,4098,127,5,23649,27725,1,4086,0.0,6677,13
MW532108,spike,97.019,4092,95,4,23615,27685,1,4086,0.0,6836,13
MW532109,spike,96.872,4092,101,4,23615,27685,1,4086,0.0,6809,13
MW532110,spike,96.633,4098,105,5,23615,27691,1,4086,0.0,6776,13
MW532111,spike,96.608,4098,106,5,23615,27691,1,4086,0.0,6772,13
MW532112,spike,96.120,4098,126,5,23615,27691,1,4086,0.0,6681,13
MW532113,spike,96.315,4098,118,5,23627,27703,1,4086,0.0,6717,13
MW532114,spike,96.266,4098,120,5,23627,27703,1,4086,0.0,6708,13
MW532115,spike,96.291,4098,119,5,23627,27703,1,4086,0.0,6713,13
MW532116,spike,96.364,4098,116,5,23627,27703,1,4086,0.0,6726,13
MW532117,spike,96.242,4098,121,5,23627,27703,1,4086,0.0,6704,13
MW532118,spike,96.193,4098,123,5,23627,27703,1,4086,0.0,6695,13
MW532119,spike,96.218,4098,122,5,23627,27703,1,4086,0.0,6699,13
MW559057,spike,96.340,4098,117,5,23641,27717,1,4086,0.0,6722,13
MW587040,spike,96.364,4098,116,5,23652,27728,1,4086,0.0,6726,13
MW587041,spike,95.043,2703,110,3,25017,27698,1387,4086,0.0,4327,11
MW587041,spike,94.847,621,32,0,24020,24640,390,1010,0.0,976,11
MW587041,spike,100.000,48,0,0,24754,24801,1124,1171,4.48e-19,87.8,11
MW587041,spike,100.000,45,0,0,23637,23681,1,45,1.90e-17,82.4,11
MW587041,spike,97.619,42,1,0,24851,24892,1221,1262,3.44e-14,72.5,11
MW587042,spike,96.242,4098,121,5,23652,27728,1,4086,0.0,6704,13
MW938760,spike,95.985,4110,120,6,23641,27729,1,4086,0.0,6682,13
MZ221192,spike,96.266,4098,120,5,23600,27676,1,4086,0.0,6708,13
MZ450972,spike,96.169,4098,124,4,23631,27707,1,4086,0.0,6695,13
NC_006213,spike,99.290,4086,5,3,23643,27704,1,4086,0.0,7247,13
OK073087,spike,96.413,4098,114,5,23641,27717,1,4086,0.0,6735,13
OK073088,spike,96.486,4098,111,5,23641,27717,1,4086,0.0,6749,13
OK073089,spike,97.314,4095,95,4,23641,27729,1,4086,0.0,6885,13
OK073090,spike,96.291,4098,119,5,23653,27729,1,4086,0.0,6713,13
OK073091,spike,97.387,4095,92,4,23641,27729,1,4086,0.0,6899,13
OK073092,spike,98.971,2138,22,0,25462,27599,1949,4086,0.0,3757,13
OK073092,spike,95.696,1882,66,4,23511,25386,1,1873,0.0,3025,13
OK245433,spike,97.116,4092,100,3,1,4080,1,4086,0.0,6851,100
OK245434,spike,96.215,4095,122,5,1,4074,1,4083,0.0,6694,100
OK318917,spike,96.185,4089,117,6,23638,27690,1,4086,0.0,6680,13
OK318918,spike,96.014,4089,115,7,23638,27681,1,4086,0.0,6652,13
OK318939,spike,97.212,4089,105,2,23631,27713,1,4086,0.0,6860,13
OK318940,spike,97.114,4089,100,4,23638,27711,1,4086,0.0,6841,13
OK318941,spike,97.114,4089,100,4,23617,27690,1,4086,0.0,6841,13
OK318942,spike,97.090,4089,98,4,23640,27710,1,4086,0.0,6839,13
OK318943,spike,97.090,4089,98,4,23640,27710,1,4086,0.0,6839,13
OK318944,spike,97.090,4089,98,4,23640,27710,1,4086,0.0,6839,13
OK318945,spike,94.987,4089,178,4,23579,27643,1,4086,0.0,6522,13
OK318946,spike,95.622,4089,152,4,23605,27669,1,4086,0.0,6609,13
OK318947,spike,95.965,4089,138,4,23638,27702,1,4086,0.0,6659,13
OK391221,spike,94.184,4092,109,13,23058,27026,1,4086,0.0,6365,13
OK391222,spike,98.821,1950,23,0,24412,26361,2137,4086,0.0,3414,13
OK391222,spike,94.378,1921,75,4,22444,24334,1,1918,0.0,2990,13
OK391222,spike,98.718,78,1,0,24334,24411,1993,2070,9.40e-34,137,13
OK391223,spike,98.734,1896,24,0,25085,26980,2191,4086,0.0,3312,13
OK391223,spike,94.883,2091,74,5,23024,25084,1,2088,0.0,3296,13
OK391224,spike,98.607,1938,24,1,25465,27399,2149,4086,0.0,3372,13
OK391224,spike,95.217,2028,76,4,23458,25467,1,2025,0.0,3222,13
OK391225,spike,97.065,4089,99,4,23632,27702,1,4086,0.0,6835,13
OK391226,spike,97.114,4089,97,4,23638,27708,1,4086,0.0,6844,13
OK391227,spike,95.989,4089,116,5,23638,27681,1,4086,0.0,6656,13
OK391228,spike,97.538,1950,27,2,25576,27507,2140,4086,0.0,3311,13
OK391228,spike,93.256,2076,86,5,23554,25575,1,2076,0.0,3140,13
OK391229,spike,95.025,804,40,0,26314,27117,2714,3517,0.0,1298,10
OK391229,spike,88.382,680,79,0,23936,24615,315,994,0.0,924,10
OK391229,spike,88.689,389,44,0,27298,27686,3698,4086,2.45e-155,540,10
OK391229,spike,83.136,338,57,0,25911,26248,2311,2648,1.55e-113,401,10
OK391229,spike,92.748,262,13,2,23616,23877,1,256,4.15e-108,384,10
OK391229,spike,99.329,149,1,0,24705,24853,1084,1232,2.80e-72,265,10
OK391229,spike,94.898,98,5,0,25446,25543,1846,1943,3.65e-39,155,10
OK391229,spike,98.649,74,1,0,25773,25846,2173,2246,1.45e-31,130,10
OK391229,spike,96.000,75,3,0,25277,25351,1677,1751,2.16e-29,123,10
OK391229,spike,92.188,64,5,0,25158,25221,1558,1621,1.05e-20,94.2,10
OK391230,spike,92.501,2067,86,4,22521,24518,1,2067,0.0,3074,13
OK391230,spike,98.683,1671,22,0,24729,26399,2416,4086,0.0,2915,13
OK391230,spike,96.244,213,5,1,24519,24731,2146,2355,2.86e-97,347,13
OK391235,spike,85.654,237,34,0,2,238,83,319,4.25e-83,294,99
OK391238,spike,93.735,4086,232,3,23620,27681,1,4086,0.0,6332,13
OK500297,spike,98.444,1928,27,1,25766,27693,2162,4086,0.0,3341,13
OK500297,spike,93.680,2057,97,4,23626,25655,1,2051,0.0,3145,13
OK500298,spike,95.751,4095,144,3,23638,27711,1,4086,0.0,6643,13
OK500299,spike,98.450,1936,27,1,25745,27680,2154,4086,0.0,3355,13
OK500299,spike,93.176,2081,115,4,23613,25669,1,2078,0.0,3148,13
OK500300,spike,93.862,4089,215,4,23617,27672,1,4086,0.0,6351,13
OK500301,spike,98.586,1910,27,0,25802,27711,2177,4086,0.0,3323,13
OK500301,spike,90.255,2042,169,3,23638,25658,1,2033,0.0,2885,13
OK500302,spike,94.969,4095,170,4,23630,27697,1,4086,0.0,6525,13
OK500303,spike,95.433,4095,151,4,23638,27705,1,4086,0.0,6588,13
OK500304,spike,95.531,4095,147,4,23635,27702,1,4086,0.0,6604,13
OK500305,spike,95.702,4095,140,4,23638,27705,1,4086,0.0,6626,13
OK500334,spike,99.195,4098,21,1,1,4098,1,4086,0.0,7249,100
OK500335,spike,99.146,4098,23,1,1,4098,1,4086,0.0,7240,100
OK662397,spike,98.948,4086,19,3,23633,27694,1,4086,0.0,7184,13
OL770287,spike,96.315,4098,118,5,23620,27696,1,4086,0.0,6717,13
OL770288,spike,96.291,4098,119,5,23620,27696,1,4086,0.0,6713,13
OL770289,spike,95.760,3632,121,5,23620,27230,1,3620,0.0,5874,13
OL770289,spike,98.017,353,7,0,27344,27696,3734,4086,7.04e-175,606,13
OM386794,spike,96.144,4098,125,5,23649,27725,1,4086,0.0,6686,13
OM386795,spike,96.022,4098,130,5,23649,27725,1,4086,0.0,6663,13
OM386796,spike,96.144,4098,125,5,23649,27725,1,4086,0.0,6686,13
OM386797,spike,96.144,4098,125,5,23649,27725,1,4086,0.0,6686,13
OM386798,spike,96.096,4098,127,5,23649,27725,1,4086,0.0,6677,13
OM386799,spike,96.096,4098,127,5,23649,27725,1,4086,0.0,6677,13
ON376724,spike,99.195,4098,21,1,23640,27737,1,4086,0.0,7249,13
ON376725,spike,99.146,4098,23,1,23640,27737,1,4086,0.0,7240,13
ON461794,spike,95.629,4095,155,5,23622,27701,1,4086,0.0,6608,13
ON461795,spike,95.726,4095,151,4,23626,27705,1,4086,0.0,6625,13
ON461796,spike,98.005,2456,49,0,25199,27654,1631,4086,0.0,4210,13
ON461796,spike,93.871,1338,73,1,23740,25068,160,1497,0.0,2073,13
ON461796,spike,97.183,71,2,0,23575,23645,1,71,7.56e-29,120,13
ON461797,spike,95.385,4095,165,5,23623,27702,1,4086,0.0,6569,13
ON461798,spike,95.897,4095,144,5,23626,27705,1,4086,0.0,6644,13
ON554023,spike,96.266,4098,120,5,23615,27691,1,4086,0.0,6708,13
ON554024,spike,96.340,4098,117,5,23626,27702,1,4086,0.0,6722,13
ON554025,spike,96.315,4098,118,5,23626,27702,1,4086,0.0,6717,13
ON554026,spike,96.388,4098,115,5,23668,27744,1,4086,0.0,6731,13
ON554027,spike,96.307,4089,112,5,23616,27668,1,4086,0.0,6707,13
ON554028,spike,96.193,4098,123,5,23615,27691,1,4086,0.0,6695,13
ON554029,spike,96.364,4098,116,5,23617,27693,1,4086,0.0,6726,13
ON554030,spike,96.242,4098,121,5,23670,27746,1,4086,0.0,6704,13
ON554031,spike,96.364,4098,116,5,23632,27708,1,4086,0.0,6726,13
ON554032,spike,96.234,4089,124,5,23615,27676,1,4086,0.0,6685,13
ON554033,spike,96.364,4098,116,5,23617,27693,1,4086,0.0,6726,13
ON554034,spike,96.096,4098,127,5,23615,27691,1,4086,0.0,6687,13
ON554035,spike,96.315,4098,118,5,23627,27703,1,4086,0.0,6717,13
ON554036,spike,96.364,4098,116,5,23668,27744,1,4086,0.0,6726,13
ON554037,spike,96.364,4098,116,5,23627,27703,1,4086,0.0,6726,13
ON554038,spike,96.364,4098,116,5,23643,27719,1,4086,0.0,6726,13
ON554039,spike,96.413,4098,114,5,23619,27695,1,4086,0.0,6735,13
ON554040,spike,96.266,4098,120,5,23635,27711,1,4086,0.0,6708,13
ON554041,spike,95.168,4098,165,5,23632,27708,1,4086,0.0,6549,13
ON554042,spike,96.388,4098,115,5,23606,27682,1,4086,0.0,6731,13
ON554043,spike,96.291,4098,119,5,23634,27710,1,4086,0.0,6713,13
ON554044,spike,97.192,4095,100,4,23580,27668,1,4086,0.0,6863,13
ON554045,spike,96.266,4098,120,5,23642,27718,1,4086,0.0,6708,13
ON554046,spike,96.242,4098,121,5,23668,27744,1,4086,0.0,6704,13
ON554047,spike,96.340,4098,117,5,23612,27688,1,4086,0.0,6722,13
ON554048,spike,96.266,4098,120,5,23634,27710,1,4086,0.0,6708,13
ON554049,spike,96.315,4098,118,5,23628,27704,1,4086,0.0,6717,13
ON554050,spike,96.315,4098,118,5,23611,27687,1,4086,0.0,6717,13
ON554051,spike,96.340,4098,117,5,23584,27660,1,4086,0.0,6722,13
ON554052,spike,97.094,4095,104,4,23623,27711,1,4086,0.0,6845,13
ON554053,spike,96.218,4098,122,5,23627,27703,1,4086,0.0,6699,13
ON554054,spike,96.266,4098,120,5,23634,27710,1,4086,0.0,6708,13
ON554055,spike,97.143,4095,102,4,23610,27698,1,4086,0.0,6854,13
ON554056,spike,97.192,4095,100,4,23601,27689,1,4086,0.0,6863,13
ON554057,spike,96.266,4098,120,5,23644,27720,1,4086,0.0,6708,13
ON554058,spike,96.266,4098,120,5,23627,27703,1,4086,0.0,6708,13
ON554059,spike,96.242,4098,121,5,23623,27699,1,4086,0.0,6704,13
ON554060,spike,96.242,4098,121,5,23620,27696,1,4086,0.0,6704,13
ON554061,spike,96.242,4098,121,5,23641,27717,1,4086,0.0,6704,13
ON554062,spike,96.218,4098,122,5,23636,27712,1,4086,0.0,6699,13
ON554063,spike,96.266,4098,120,5,23640,27716,1,4086,0.0,6708,13
ON554064,spike,96.193,4098,123,5,23634,27710,1,4086,0.0,6695,13
ON554065,spike,96.266,4098,120,5,23633,27709,1,4086,0.0,6708,13
ON554066,spike,96.266,4098,120,5,23634,27710,1,4086,0.0,6708,13
ON554067,spike,96.266,4098,120,5,23623,27699,1,4086,0.0,6708,13
ON554068,spike,96.291,4098,119,5,23621,27697,1,4086,0.0,6713,13
ON554069,spike,96.218,4098,122,5,23634,27710,1,4086,0.0,6699,13
ON554070,spike,96.144,4098,125,5,23651,27727,1,4086,0.0,6686,13
ON554071,spike,96.218,4098,122,5,23638,27714,1,4086,0.0,6699,13
ON554072,spike,96.169,4098,124,5,23591,27667,1,4086,0.0,6690,13
ON554073,spike,96.291,4098,119,5,23632,27708,1,4086,0.0,6713,13
ON554074,spike,96.291,4098,119,5,23624,27700,1,4086,0.0,6713,13
ON554075,spike,96.315,4098,118,5,23647,27723,1,4086,0.0,6717,13
ON554076,spike,96.266,4098,120,5,23637,27713,1,4086,0.0,6708,13
ON554077,spike,96.266,4098,120,5,23615,27691,1,4086,0.0,6708,13
ON554078,spike,96.266,4098,120,5,23632,27708,1,4086,0.0,6708,13
ON554079,spike,96.242,4098,121,5,23604,27680,1,4086,0.0,6704,13
ON554080,spike,96.218,4098,122,5,23645,27721,1,4086,0.0,6699,13
ON554081,spike,96.291,4098,119,5,23647,27723,1,4086,0.0,6713,13
ON554082,spike,96.291,4098,119,5,23644,27720,1,4086,0.0,6713,13
ON554083,spike,96.144,4098,125,5,23645,27721,1,4086,0.0,6686,13
ON554084,spike,96.291,4098,119,5,23610,27686,1,4086,0.0,6713,13
ON554085,spike,96.218,4098,122,5,23637,27713,1,4086,0.0,6699,13
ON554086,spike,96.242,4098,121,5,23643,27719,1,4086,0.0,6704,13
ON554087,spike,96.266,4098,120,5,23639,27715,1,4086,0.0,6708,13
ON554088,spike,96.193,4098,123,5,23628,27704,1,4086,0.0,6695,13
ON554089,spike,96.193,4098,123,5,23636,27712,1,4086,0.0,6695,13
ON554090,spike,96.242,4098,121,5,23627,27703,1,4086,0.0,6704,13
ON554091,spike,96.218,4098,122,5,23641,27717,1,4086,0.0,6699,13
ON554092,spike,96.291,4098,119,5,23646,27722,1,4086,0.0,6713,13
ON554093,spike,96.242,4098,121,5,23654,27730,1,4086,0.0,6704,13
ON554094,spike,96.291,4098,119,5,23635,27711,1,4086,0.0,6713,13
ON554095,spike,96.266,4098,120,5,23652,27728,1,4086,0.0,6708,13
ON554096,spike,96.220,4101,119,6,23644,27723,1,4086,0.0,6703,13
OP712601,spike,96.743,1044,34,0,9,1052,93,1136,0.0,1730,99
OP712602,spike,94.962,1052,42,1,1,1041,85,1136,0.0,1664,100
OQ079158,spike,96.190,4095,126,4,23649,27722,1,4086,0.0,6691,13
OQ079159,spike,96.166,4095,127,4,23640,27713,1,4086,0.0,6687,13
OQ331224,spike,96.120,4098,126,5,23625,27701,1,4086,0.0,6681,13
OQ828657,spike,96.584,4098,107,5,23485,27561,1,4086,0.0,6767,13
OR266949,spike,97.208,2543,65,1,25171,27707,1544,4086,0.0,4290,11
OR266949,spike,94.737,779,35,2,23634,24412,1,773,0.0,1217,11
OR371530,spike,96.874,4095,110,5,23653,27738,1,4086,0.0,6802,13
PP187315,spike,96.169,4098,124,5,23624,27700,1,4086,0.0,6690,13
PP187316,spike,96.096,4098,127,5,23652,27728,1,4086,0.0,6677,13
PP187317,spike,96.242,4098,121,5,23619,27695,1,4086,0.0,6704,13
PP187318,spike,96.218,4098,122,5,23613,27689,1,4086,0.0,6699,13
PP862721,spike,99.155,3194,15,1,24543,27736,905,4086,0.0,5645,11
PP862721,spike,100.000,124,0,0,23898,24021,260,383,2.47e-60,224,11
PQ037241,spike,97.094,4095,104,4,23595,27683,1,4086,0.0,6845,13
PQ037242,spike,97.094,4095,104,4,23652,27740,1,4086,0.0,6845,13
PQ187629,spike,96.633,4098,105,5,23637,27713,1,4086,0.0,6776,13
PQ187630,spike,96.559,4098,108,5,23636,27712,1,4086,0.0,6763,13
PQ187631,spike,96.633,4098,105,5,23640,27716,1,4086,0.0,6776,13
PQ187632,spike,96.608,4098,106,5,23639,27715,1,4086,0.0,6772,13
PQ187633,spike,96.462,4098,112,5,23640,27716,1,4086,0.0,6744,13
PQ187634,spike,96.391,4101,112,6,23630,27709,1,4086,0.0,6735,13
PQ187635,spike,96.391,4101,112,6,23631,27710,1,4086,0.0,6735,13
PQ187636,spike,96.367,4101,113,6,23636,27715,1,4086,0.0,6730,13
PQ187637,spike,96.291,4098,119,5,23650,27726,1,4086,0.0,6713,13
PQ187638,spike,97.192,4095,100,4,23638,27726,1,4086,0.0,6863,13
PQ187639,spike,97.143,4095,102,4,23639,27727,1,4086,0.0,6854,13
PQ510827,spike,96.875,4096,111,4,23574,27662,1,4086,0.0,6813,13
PQ510828,spike,96.728,4095,119,4,23574,27662,1,4086,0.0,6777,13
PQ629997,spike,96.801,4095,113,5,23405,27490,1,4086,0.0,6789,14
PQ629998,spike,96.190,4095,126,4,23405,27478,1,4086,0.0,6691,14
PQ629999,spike,96.899,4095,109,5,23405,27490,1,4086,0.0,6807,14
PQ630000,spike,96.972,4095,109,4,23405,27493,1,4086,0.0,6822,14
PQ630001,spike,97.575,3340,72,2,24157,27490,750,4086,0.0,5658,11
PQ630002,spike,97.635,3340,70,2,24157,27490,750,4086,0.0,5667,13
PQ630002,spike,93.333,540,27,3,23405,23941,1,534,0.0,807,13
PQ630003,spike,96.972,4095,106,5,23405,27490,1,4086,0.0,6820,14
PQ630004,spike,96.972,4095,109,4,23405,27493,1,4086,0.0,6822,14
PQ630005,spike,97.021,4095,107,4,23402,27490,1,4086,0.0,6831,14
PQ630006,spike,96.923,4095,111,4,23405,27493,1,4086,0.0,6813,14
PQ630007,spike,96.947,4095,107,5,23405,27490,1,4086,0.0,6816,14
PQ630008,spike,97.045,4095,106,4,23405,27493,1,4086,0.0,6836,14
PQ630009,spike,96.947,4095,110,4,23405,27493,1,4086,0.0,6818,14
PQ630010,spike,96.972,4095,109,4,23405,27493,1,4086,0.0,6822,14
PQ630011,spike,97.021,4095,107,4,23405,27493,1,4086,0.0,6831,14
PQ630012,spike,96.996,4095,108,4,23405,27493,1,4086,0.0,6827,14
PQ630013,spike,97.070,4095,105,4,23405,27493,1,4086,0.0,6840,14
PQ630014,spike,97.070,4095,105,4,23405,27493,1,4086,0.0,6840,14
PQ630015,spike,97.665,3340,69,2,24160,27493,750,4086,0.0,5671,11
PQ630016,spike,96.996,4095,108,4,23405,27493,1,4086,0.0,6827,14
PQ630017,spike,98.164,1144,21,0,25246,26389,1839,2982,0.0,1969,4
PQ630017,spike,100.000,154,0,0,27340,27493,3933,4086,1.26e-76,279,4
PQ630018,spike,96.239,4095,139,4,23405,27493,1,4086,0.0,6717,14
PQ630019,spike,99.825,1144,2,0,21061,22204,1839,2982,0.0,2055,5
PQ630019,spike,100.000,154,0,0,23155,23308,3933,4086,1.01e-76,279,5
PQ630020,spike,95.023,2994,116,5,23399,26371,1,2982,0.0,4736,10
PQ630020,spike,100.000,154,0,0,27322,27475,3933,4086,1.26e-76,279,10
PQ630021,spike,97.045,4095,106,4,23405,27493,1,4086,0.0,6836,14
PQ630022,spike,97.045,4095,106,4,23405,27493,1,4086,0.0,6836,14
PQ630023,spike,96.169,4098,124,5,23405,27481,1,4086,0.0,6690,14
PQ630024,spike,96.144,4098,125,5,23405,27481,1,4086,0.0,6686,14
PQ630025,spike,95.157,2994,112,4,23405,26377,1,2982,0.0,4758,10
PQ630025,spike,100.000,154,0,0,27328,27481,3933,4086,1.26e-76,279,10
PQ630026,spike,96.047,4098,129,5,23405,27481,1,4086,0.0,6668,14
PQ630027,spike,96.071,4098,128,4,23399,27475,1,4086,0.0,6677,14
PQ630028,spike,97.045,4095,106,4,23405,27493,1,4086,0.0,6836,14
PQ630029,spike,97.070,4095,105,4,23405,27493,1,4086,0.0,6840,14
PQ630030,spike,97.094,4095,104,4,23405,27493,1,4086,0.0,6845,14
PQ630031,spike,97.045,4095,106,4,23405,27493,1,4086,0.0,6836,14
PQ630032,spike,95.057,2994,115,4,23405,26377,1,2982,0.0,4745,10
PQ630032,spike,100.000,154,0,0,27328,27481,3933,4086,1.26e-76,279,10
PQ630033,spike,95.057,2994,115,5,23405,26377,1,2982,0.0,4740,10
PQ630033,spike,100.000,154,0,0,27328,27481,3933,4086,1.26e-76,279,10
PQ630034,spike,95.124,2994,113,4,23402,26374,1,2982,0.0,4754,10
PQ630034,spike,100.000,154,0,0,27325,27478,3933,4086,1.26e-76,279,10
PQ630035,spike,95.190,2994,111,4,23399,26371,1,2982,0.0,4763,10
PQ630035,spike,100.000,154,0,0,27322,27475,3933,4086,1.26e-76,279,10
PQ630036,spike,95.157,2994,112,4,23405,26377,1,2982,0.0,4758,10
PQ630036,spike,100.000,154,0,0,27328,27481,3933,4086,1.26e-76,279,10
PQ630037,spike,96.218,4098,122,5,23405,27481,1,4086,0.0,6699,14
PQ630038,spike,98.401,2251,33,1,25231,27481,1839,4086,0.0,3896,7
PQ630039,spike,96.266,4098,120,5,23405,27481,1,4086,0.0,6708,14
PQ630040,spike,96.218,4098,122,5,23405,27481,1,4086,0.0,6699,14
PQ630041,spike,96.218,4098,122,5,23405,27481,1,4086,0.0,6699,14
PQ630042,spike,93.723,1163,52,2,21080,22221,750,1912,0.0,1779,4
PQ630043,spike,96.266,4098,120,5,23405,27481,1,4086,0.0,6708,14
PQ630044,spike,98.179,2251,38,1,25219,27469,1839,4086,0.0,3874,11
PQ630044,spike,93.939,924,47,2,23405,24328,1,915,0.0,1414,11
PQ630045,spike,96.242,4098,121,5,23405,27481,1,4086,0.0,6704,14
PQ630046,spike,96.266,4098,120,5,23405,27481,1,4086,0.0,6708,14
PQ630048,spike,98.427,1144,18,0,25210,26353,1839,2982,0.0,1983,8
PQ630048,spike,95.005,921,40,2,23393,24313,1,915,0.0,1451,8
PQ630048,spike,99.351,154,1,0,27304,27457,3933,4086,5.23e-75,274,8
PQ630049,spike,96.266,4098,120,5,23405,27481,1,4086,0.0,6708,14
PQ630050,spike,96.291,4098,119,5,23405,27481,1,4086,0.0,6713,14
PQ630051,spike,96.291,4098,119,5,23405,27481,1,4086,0.0,6713,14
PQ630052,spike,95.324,2994,107,5,23405,26377,1,2982,0.0,4776,10
PQ630052,spike,100.000,154,0,0,27328,27481,3933,4086,1.26e-76,279,10
PQ630053,spike,96.266,4098,120,5,23405,27481,1,4086,0.0,6708,14
PQ630054,spike,95.662,2236,73,3,22091,24305,750,2982,0.0,3604,8
PQ630054,spike,100.000,154,0,0,25256,25409,3933,4086,1.17e-76,279,8
PQ630055,spike,96.242,4098,121,5,23405,27481,1,4086,0.0,6704,14
PQ630056,spike,98.134,2251,39,1,25219,27469,1839,4086,0.0,3869,11
PQ630056,spike,93.939,924,47,2,23405,24328,1,915,0.0,1414,11
PQ630057,spike,96.266,4098,120,5,23405,27481,1,4086,0.0,6708,14
PQ630058,spike,96.291,4098,119,5,23405,27481,1,4086,0.0,6713,14
PQ630059,spike,97.070,4095,105,4,23405,27493,1,4086,0.0,6840,14
PQ630060,spike,97.384,1147,27,1,22148,23294,1839,2982,0.0,1932,5
PQ630060,spike,100.000,154,0,0,24245,24398,3933,4086,1.13e-76,279,5
PQ630061,spike,100.000,154,0,0,25247,25400,3933,4086,1.17e-76,279,1
PQ630062,spike,97.094,4095,104,4,22419,26507,1,4086,0.0,6845,14
PQ630063,spike,96.242,4098,121,5,23405,27481,1,4086,0.0,6704,14
PQ630064,spike,96.315,4098,118,5,22306,26382,1,4086,0.0,6717,14
PQ630065,spike,96.266,4098,120,5,23405,27481,1,4086,0.0,6708,14
PQ630066,spike,98.134,2251,39,1,25219,27469,1839,4086,0.0,3869,11
PQ630066,spike,93.939,924,47,2,23405,24328,1,915,0.0,1414,11
PQ630067,spike,96.266,4098,120,5,23405,27481,1,4086,0.0,6708,14
PQ630068,spike,97.384,1147,27,1,25219,26365,1839,2982,0.0,1932,7
PQ630068,spike,93.939,924,47,2,23405,24328,1,915,0.0,1414,7
PQ630068,spike,100.000,154,0,0,27316,27469,3933,4086,1.26e-76,279,7
PQ630069,spike,96.266,4098,120,5,23405,27481,1,4086,0.0,6708,14
PQ630070,spike,96.850,4095,111,5,23393,27478,1,4086,0.0,6799,14
PQ630071,spike,96.996,4095,108,4,23393,27481,1,4086,0.0,6827,14
PQ630072,spike,96.874,4095,110,5,23393,27478,1,4086,0.0,6802,14
PQ630073,spike,96.334,4092,120,5,23405,27472,1,4086,0.0,6708,13
PQ630074,spike,96.266,4098,120,5,23405,27481,1,4086,0.0,6708,14
PQ630075,spike,97.356,2194,49,2,22121,24308,792,2982,0.0,3695,8
PQ630075,spike,100.000,154,0,0,25259,25412,3933,4086,1.17e-76,279,8
PQ630076,spike,94.469,922,42,3,23393,24311,1,916,0.0,1428,4
PQ630076,spike,99.351,154,1,0,27292,27445,3933,4086,5.23e-75,274,4
PQ630077,spike,96.559,4098,117,4,23405,27490,1,4086,0.0,6759,14
PQ630078,spike,96.218,4098,122,5,23405,27481,1,4086,0.0,6699,14
PQ630079,spike,97.297,1147,28,1,25231,26377,1839,2982,0.0,1928,10
PQ630079,spike,99.004,904,9,0,26578,27481,3183,4086,0.0,1590,10
PQ630079,spike,93.946,925,47,2,23405,24329,1,916,0.0,1416,10
PQ630080,spike,97.021,4095,107,4,23393,27481,1,4086,0.0,6831,14
PQ630081,spike,96.291,4098,119,5,23405,27481,1,4086,0.0,6713,14
PQ630082,spike,97.167,4095,101,4,23393,27481,1,4086,0.0,6858,14
PQ630083,spike,98.265,2248,39,0,25225,27472,1839,4086,0.0,3884,11
PQ630083,spike,93.818,922,48,3,23405,24323,1,916,0.0,1410,11
PQ630084,spike,96.266,4098,120,5,23405,27481,1,4086,0.0,6708,14
PQ630085,spike,96.315,4098,118,5,23405,27481,1,4086,0.0,6717,14
PQ630086,spike,97.118,4095,103,4,23405,27493,1,4086,0.0,6850,14
PQ630087,spike,96.315,4098,118,5,23405,27481,1,4086,0.0,6717,14
PQ630088,spike,97.165,4092,95,4,23393,27469,1,4086,0.0,6858,14
PQ630089,spike,96.899,4095,109,5,23393,27478,1,4086,0.0,6807,14
PQ630090,spike,96.899,4095,109,5,23393,27478,1,4086,0.0,6807,14
PQ630091,spike,96.266,4098,120,5,23405,27481,1,4086,0.0,6708,14
PQ630092,spike,96.218,4098,122,5,23405,27481,1,4086,0.0,6700,14
PQ630093,spike,98.179,2251,38,1,25225,27475,1839,4086,0.0,3874,7
PQ630094,spike,97.143,4095,102,4,23417,27505,1,4086,0.0,6854,14
PQ630095,spike,96.266,4098,120,5,23405,27481,1,4086,0.0,6708,14
PQ630096,spike,96.923,4095,108,5,23393,27478,1,4086,0.0,6811,14
PQ630097,spike,96.218,4098,122,5,23405,27481,1,4086,0.0,6699,14
PQ630098,spike,97.733,1147,23,1,25219,26365,1839,2982,0.0,1950,7
PQ630098,spike,94.270,925,44,2,23393,24317,1,916,0.0,1429,7
PQ630098,spike,100.000,154,0,0,27316,27469,3933,4086,1.26e-76,279,7
PQ630099,spike,96.850,4095,111,5,23393,27478,1,4086,0.0,6799,14
PQ630100,spike,97.902,1144,24,0,25204,26347,1839,2982,0.0,1956,4
PQ630100,spike,99.351,154,1,0,27298,27451,3933,4086,5.34e-75,274,4
PQ630101,spike,96.340,4098,117,5,23405,27481,1,4086,0.0,6722,14
PQ630102,spike,96.218,4098,122,5,23405,27481,1,4086,0.0,6699,14
PQ630103,spike,96.291,4098,119,5,23405,27481,1,4086,0.0,6713,14
PQ630104,spike,96.947,4095,110,4,23393,27481,1,4086,0.0,6818,14
PQ630105,spike,96.291,4098,119,5,23405,27481,1,4086,0.0,6713,14
PQ630106,spike,96.923,4095,108,5,23393,27478,1,4086,0.0,6811,14
PQ630107,spike,97.094,4095,104,4,23405,27493,1,4086,0.0,6845,14
PQ630108,spike,96.315,4098,127,4,21333,25418,1,4086,0.0,6714,15
PQ630109,spike,97.241,4095,98,4,23405,27493,1,4086,0.0,6872,14
PQ630110,spike,96.899,4095,109,5,23393,27478,1,4086,0.0,6807,14
PQ630111,spike,96.242,4098,121,5,23405,27481,1,4086,0.0,6704,14
PQ630112,spike,97.021,4095,107,4,23393,27481,1,4086,0.0,6831,14
PQ630113,spike,96.707,3340,86,3,24163,27481,750,4086,0.0,5536,11
PQ630114,spike,96.899,4095,109,5,23393,27478,1,4086,0.0,6807,14
PQ630115,spike,96.923,4095,108,5,23393,27478,1,4086,0.0,6811,14
PQ630116,spike,96.096,4098,127,5,23405,27481,1,4086,0.0,6685,14
PQ630117,spike,96.899,4095,109,5,23393,27478,1,4086,0.0,6807,14
PQ630118,spike,96.568,3963,111,4,23540,27481,128,4086,0.0,6539,13
PQ630119,spike,96.923,4095,108,5,23393,27478,1,4086,0.0,6811,14
PQ630120,spike,96.899,4095,109,5,23393,27478,1,4086,0.0,6807,14
PQ630121,spike,96.874,4095,110,5,23393,27478,1,4086,0.0,6802,14
PQ630122,spike,96.315,4098,118,5,23405,27481,1,4086,0.0,6717,14
PQ630123,spike,96.359,4092,119,5,23405,27472,1,4086,0.0,6713,13
PQ630124,spike,97.384,1147,27,1,25231,26377,1839,2982,0.0,1932,4
PQ630124,spike,99.351,154,1,0,27328,27481,3933,4086,5.34e-75,274,4
PQ630125,spike,97.733,1147,23,1,25231,26377,1839,2982,0.0,1950,7
PQ630125,spike,93.946,925,47,2,23405,24329,1,916,0.0,1417,7
PQ630125,spike,100.000,154,0,0,27328,27481,3933,4086,1.26e-76,279,7
PQ630126,spike,96.899,4095,109,5,23393,27478,1,4086,0.0,6807,14
PQ630127,spike,96.242,4098,121,5,23405,27481,1,4086,0.0,6704,14
PQ630128,spike,96.315,4098,118,5,23405,27481,1,4086,0.0,6717,14
PQ630129,spike,96.218,4098,122,5,23405,27481,1,4086,0.0,6700,14
PQ630130,spike,98.310,2248,38,0,25210,27457,1839,4086,0.0,3883,11
PQ630130,spike,94.794,922,42,2,23393,24314,1,916,0.0,1443,11
PQ630131,spike,96.291,4098,119,5,23405,27481,1,4086,0.0,6713,14
PQ630132,spike,97.241,4095,98,4,23393,27481,1,4086,0.0,6872,14
PQ630133,spike,96.291,4098,119,5,23405,27481,1,4086,0.0,6715,14
PQ630134,spike,96.340,4098,117,5,23405,27481,1,4086,0.0,6722,14
PQ630135,spike,96.640,4107,111,5,23393,27493,1,4086,0.0,6787,14
PQ630136,spike,97.559,1147,25,1,25204,26350,1839,2982,0.0,1941,7
PQ630136,spike,94.378,925,43,2,23384,24308,1,916,0.0,1434,7
PQ630136,spike,100.000,154,0,0,27301,27454,3933,4086,1.26e-76,279,7
PQ630137,spike,98.992,1190,12,0,26292,27481,2897,4086,0.0,2093,8
PQ630137,spike,93.723,1163,52,2,24163,25304,750,1912,0.0,1779,8
PQ630138,spike,97.094,4095,104,4,23393,27481,1,4086,0.0,6845,14
PQ630139,spike,96.315,4098,118,5,23405,27481,1,4086,0.0,6717,14
PQ630140,spike,96.315,4098,118,5,23405,27481,1,4086,0.0,6717,14
PQ630141,spike,96.315,4098,118,5,23405,27481,1,4086,0.0,6719,14
PQ630142,spike,97.094,4095,104,4,23393,27481,1,4086,0.0,6845,14
PQ630143,spike,96.266,4098,120,5,23405,27481,1,4086,0.0,6708,14
PQ630144,spike,96.340,4098,117,5,23405,27481,1,4086,0.0,6722,14
PQ630145,spike,96.340,4098,117,5,23405,27481,1,4086,0.0,6722,14
PQ630146,spike,96.340,4098,117,5,23405,27481,1,4086,0.0,6722,14
PQ630147,spike,96.315,4098,118,5,23405,27481,1,4086,0.0,6717,14
PQ630148,spike,96.796,3340,83,3,24163,27481,750,4086,0.0,5550,11
PQ630149,spike,96.340,4098,117,5,23348,27424,1,4086,0.0,6722,14
PQ630150,spike,96.266,4098,120,5,23405,27481,1,4086,0.0,6708,14
PQ630151,spike,96.340,4098,117,5,23372,27448,1,4086,0.0,6722,14
PQ630152,spike,96.340,4098,117,5,23405,27481,1,4086,0.0,6722,14
PQ630153,spike,96.364,4098,116,5,23405,27481,1,4086,0.0,6726,14
PQ630154,spike,96.388,4098,115,5,23405,27481,1,4086,0.0,6731,14
PQ630155,spike,96.315,4098,118,5,23405,27481,1,4086,0.0,6717,14
PQ630156,spike,96.315,4098,118,5,23405,27481,1,4086,0.0,6717,14
PQ630157,spike,96.364,4098,116,5,23405,27481,1,4086,0.0,6726,14
PQ630158,spike,97.167,4095,101,4,23393,27481,1,4086,0.0,6861,14
PQ630159,spike,96.340,4098,117,5,23405,27481,1,4086,0.0,6722,14
PQ630160,spike,96.315,4098,118,5,23405,27481,1,4086,0.0,6717,14
PQ630161,spike,96.340,4098,117,5,23405,27481,1,4086,0.0,6722,14
PQ630162,spike,96.266,4098,120,5,23405,27481,1,4086,0.0,6708,14
PQ630163,spike,96.315,4098,118,5,23405,27481,1,4086,0.0,6718,14
PQ630164,spike,96.340,4098,117,5,23348,27424,1,4086,0.0,6722,14
PQ630165,spike,96.291,4098,119,5,23405,27481,1,4086,0.0,6713,14
PQ630166,spike,96.340,4098,117,5,23405,27481,1,4086,0.0,6722,14
PQ630167,spike,96.315,4098,118,5,23405,27481,1,4086,0.0,6717,14
PQ630168,spike,96.364,4098,116,5,23405,27481,1,4086,0.0,6726,14
PQ630169,spike,96.315,4098,118,5,23405,27481,1,4086,0.0,6719,14
PQ630170,spike,96.315,4098,118,5,23372,27448,1,4086,0.0,6717,14
PQ630171,spike,96.364,4098,116,5,23405,27481,1,4086,0.0,6726,14
PQ630172,spike,96.315,4098,118,5,23405,27481,1,4086,0.0,6717,14
PQ630173,spike,96.340,4098,117,5,23405,27481,1,4086,0.0,6722,14
PQ630174,spike,96.364,4098,116,5,23405,27481,1,4086,0.0,6726,14
PQ630175,spike,96.291,4098,119,5,23405,27481,1,4086,0.0,6714,14
PQ630176,spike,96.340,4098,117,5,23372,27448,1,4086,0.0,6722,14
PQ630177,spike,96.315,4098,118,5,23405,27481,1,4086,0.0,6718,14
PQ630178,spike,96.340,4098,117,5,23405,27481,1,4086,0.0,6722,14
PQ630179,spike,96.340,4098,117,5,23405,27481,1,4086,0.0,6722,14
PQ630180,spike,95.725,2994,95,5,23393,26365,1,2982,0.0,4830,11
PQ630180,spike,100.000,154,0,0,27316,27469,3933,4086,1.23e-76,279,11
PQ630181,spike,96.437,4098,113,5,23393,27469,1,4086,0.0,6740,14
PQ659986,spike,94.046,1142,62,2,1,1142,1,1136,0.0,1750,100
PQ659987,spike,94.308,1142,59,2,1,1142,1,1136,0.0,1764,100
PQ659988,spike,95.447,1142,46,2,1,1142,1,1136,0.0,1822,100
PQ659989,spike,94.746,1142,54,2,1,1142,1,1136,0.0,1786,100
PQ659990,spike,93.783,1142,65,2,1,1142,1,1136,0.0,1737,100
PQ659991,spike,92.820,1142,76,1,1,1142,1,1136,0.0,1691,100
PQ659992,spike,94.746,1142,54,2,1,1142,1,1136,0.0,1786,100
PQ659993,spike,94.221,1142,60,2,1,1142,1,1136,0.0,1759,100
S62886,spike,99.535,4086,18,1,5,4089,1,4086,0.0,7280,99
Z21849,spike,99.608,4086,16,0,1,4086,1,4086,0.0,7297,100
Z32768,spike,93.547,4122,200,7,1,4092,1,4086,0.0,6263,100
Z32769,spike,93.062,4122,220,6,1,4092,1,4086,0.0,6177,100
