AB695068,membrane,97.942,243,5,0,1,243,451,693,1.49e-120,416,61
AB695068,membrane,100.000,18,0,0,168,185,635,618,1.83e-05,33.7,61
AB695069,membrane,97.942,243,5,0,1,243,451,693,1.49e-120,416,61
AB695069,membrane,100.000,18,0,0,168,185,635,618,1.83e-05,33.7,61
AB695070,membrane,97.942,243,5,0,1,243,451,693,1.49e-120,416,61
AB695070,membrane,100.000,18,0,0,168,185,635,618,1.83e-05,33.7,61
AB695071,membrane,97.942,243,5,0,1,243,451,693,1.49e-120,416,61
AB695071,membrane,100.000,18,0,0,168,185,635,618,1.83e-05,33.7,61
AB695072,membrane,98.354,243,4,0,1,243,451,693,3.51e-122,421,61
AB695072,membrane,100.000,18,0,0,168,185,635,618,1.83e-05,33.7,61
AB695073,membrane,97.942,243,5,0,1,243,451,693,1.49e-120,416,61
AB695073,membrane,100.000,18,0,0,168,185,635,618,1.83e-05,33.7,61
AB695074,membrane,97.942,243,5,0,1,243,451,693,1.49e-120,416,61
AB695074,membrane,100.000,18,0,0,168,185,635,618,1.83e-05,33.7,61
AB695075,membrane,97.942,243,5,0,1,243,451,693,1.49e-120,416,61
AB695075,membrane,100.000,18,0,0,168,185,635,618,1.83e-05,33.7,61
AB695076,membrane,97.942,243,5,0,1,243,451,693,1.49e-120,416,61
AB695076,membrane,100.000,18,0,0,168,185,635,618,1.83e-05,33.7,61
AB695077,membrane,97.942,243,5,0,1,243,451,693,1.49e-120,416,61
AB695077,membrane,100.000,18,0,0,168,185,635,618,1.83e-05,33.7,61
AY382775,membrane,97.598,333,8,0,1,333,180,512,1.08e-165,565,100
AY391777,membrane,100.000,693,0,0,28402,29094,1,693,0.0,1251,2
AY585228,membrane,100.000,693,0,0,28377,29069,1,693,0.0,1251,2
AY585229,membrane,99.856,693,1,0,28377,29069,1,693,0.0,1246,2
AY903459,membrane,98.846,693,8,0,28387,29079,1,693,0.0,1214,2
AY903460,membrane,98.701,693,9,0,28387,29079,1,693,0.0,1210,2
DL143786,membrane,99.721,358,1,0,1,358,167,524,0.0,642,100
HV540165,membrane,99.721,358,1,0,1,358,167,524,0.0,642,100
JN129834,membrane,98.701,693,9,0,28374,29066,1,693,0.0,1210,2
JN129835,membrane,98.701,693,9,0,28386,29078,1,693,0.0,1210,2
KF530059,membrane,99.134,693,6,0,28300,28992,1,693,0.0,1223,2
KF530060,membrane,98.990,693,7,0,28366,29058,1,693,0.0,1219,2
KF530061,membrane,98.990,693,7,0,28366,29058,1,693,0.0,1219,2
KF530062,membrane,99.134,693,6,0,28343,29035,1,693,0.0,1223,2
KF530063,membrane,98.846,693,8,0,28366,29058,1,693,0.0,1214,2
KF530064,membrane,98.701,693,9,0,28366,29058,1,693,0.0,1210,2
KF530065,membrane,98.990,693,7,0,28366,29058,1,693,0.0,1219,2
KF530066,membrane,98.990,693,7,0,28353,29045,1,693,0.0,1219,2
KF530067,membrane,99.278,693,5,0,28383,29075,1,693,0.0,1228,2
KF530068,membrane,98.990,693,7,0,28361,29053,1,693,0.0,1219,2
KF530069,membrane,98.846,693,8,0,28367,29059,1,693,0.0,1214,2
KF530070,membrane,98.990,693,7,0,28362,29054,1,693,0.0,1219,2
KF530071,membrane,99.278,693,5,0,28367,29059,1,693,0.0,1228,2
KF530072,membrane,98.701,693,9,0,28366,29058,1,693,0.0,1210,2
KF530073,membrane,98.990,693,7,0,28366,29058,1,693,0.0,1219,2
KF530074,membrane,98.990,693,7,0,28363,29055,1,693,0.0,1219,2
KF530075,membrane,99.134,693,6,0,28366,29058,1,693,0.0,1223,2
KF530076,membrane,99.423,693,4,0,28381,29073,1,693,0.0,1232,2
KF530077,membrane,98.990,693,7,0,28366,29058,1,693,0.0,1219,2
KF530078,membrane,98.701,693,9,0,28353,29045,1,693,0.0,1210,2
KF530079,membrane,99.423,693,4,0,28370,29062,1,693,0.0,1232,2
KF530080,membrane,98.557,693,10,0,28366,29058,1,693,0.0,1205,2
KF530081,membrane,98.990,693,7,0,28360,29052,1,693,0.0,1219,2
KF530082,membrane,99.278,693,5,0,28370,29062,1,693,0.0,1228,2
KF530083,membrane,98.990,693,7,0,28366,29058,1,693,0.0,1219,2
KF530084,membrane,98.846,693,8,0,28367,29059,1,693,0.0,1214,2
KF530085,membrane,99.134,693,6,0,28358,29050,1,693,0.0,1223,2
KF530086,membrane,98.990,693,7,0,28366,29058,1,693,0.0,1219,2
KF530087,membrane,98.990,693,7,0,28366,29058,1,693,0.0,1219,2
KF530088,membrane,99.423,693,4,0,28367,29059,1,693,0.0,1232,2
KF530089,membrane,99.423,693,4,0,28384,29076,1,693,0.0,1232,2
KF530090,membrane,98.990,693,7,0,28366,29058,1,693,0.0,1219,2
KF530091,membrane,99.278,693,5,0,28381,29073,1,693,0.0,1228,2
KF530092,membrane,98.557,693,10,0,28366,29058,1,693,0.0,1205,2
KF530093,membrane,99.134,693,6,0,28272,28964,1,693,0.0,1223,2
KF530094,membrane,99.423,693,4,0,28370,29062,1,693,0.0,1232,2
KF530095,membrane,99.567,693,3,0,28377,29069,1,693,0.0,1237,2
KF530096,membrane,99.567,693,3,0,28364,29056,1,693,0.0,1237,2
KF530097,membrane,98.990,693,7,0,28366,29058,1,693,0.0,1219,2
KF530098,membrane,98.846,693,8,0,28367,29059,1,693,0.0,1214,2
KF530099,membrane,98.846,693,8,0,28367,29059,1,693,0.0,1214,2
KF923886,membrane,98.846,693,8,0,28383,29075,1,693,0.0,1214,2
KF923887,membrane,98.990,693,7,0,28383,29075,1,693,0.0,1219,2
KF923888,membrane,98.846,693,8,0,28383,29075,1,693,0.0,1214,2
KF923889,membrane,98.990,693,7,0,28383,29075,1,693,0.0,1219,2
KF923890,membrane,98.413,693,11,0,28377,29069,1,693,0.0,1201,2
KF923891,membrane,98.268,693,12,0,28377,29069,1,693,0.0,1196,2
KF923892,membrane,98.413,693,11,0,28377,29069,1,693,0.0,1201,2
KF923893,membrane,97.980,693,14,0,28377,29069,1,693,0.0,1187,2
KF923894,membrane,98.413,693,11,0,28377,29069,1,693,0.0,1201,2
KF923895,membrane,97.980,693,14,0,28395,29087,1,693,0.0,1187,2
KF923896,membrane,97.835,693,15,0,28401,29093,1,693,0.0,1183,2
KF923897,membrane,98.135,697,9,4,28371,29067,1,693,0.0,1185,2
KF923898,membrane,98.701,693,9,0,28383,29075,1,693,0.0,1210,2
KF923899,membrane,98.557,693,10,0,28386,29078,1,693,0.0,1205,2
KF923900,membrane,98.701,693,9,0,28386,29078,1,693,0.0,1210,2
KF923901,membrane,97.980,693,14,0,28377,29069,1,693,0.0,1187,2
KF923902,membrane,98.268,693,12,0,28377,29069,1,693,0.0,1196,2
KF923903,membrane,98.268,693,12,0,28377,29069,1,693,0.0,1196,2
KF923904,membrane,98.413,693,11,0,28377,29069,1,693,0.0,1201,2
KF923905,membrane,98.701,693,9,0,28386,29078,1,693,0.0,1210,2
KF923906,membrane,97.835,693,15,0,28401,29093,1,693,0.0,1183,2
KF923907,membrane,98.413,693,11,0,28377,29069,1,693,0.0,1201,2
KF923908,membrane,98.413,693,11,0,28377,29069,1,693,0.0,1201,2
KF923909,membrane,98.413,693,11,0,28377,29069,1,693,0.0,1201,2
KF923910,membrane,98.413,693,11,0,28377,29069,1,693,0.0,1201,2
KF923911,membrane,98.413,693,11,0,28377,29069,1,693,0.0,1201,2
KF923912,membrane,98.268,693,12,0,28377,29069,1,693,0.0,1196,2
KF923913,membrane,98.268,693,12,0,28377,29069,1,693,0.0,1196,2
KF923914,membrane,98.413,693,11,0,28377,29069,1,693,0.0,1201,2
KF923915,membrane,98.268,693,12,0,28377,29069,1,693,0.0,1196,2
KF923916,membrane,98.413,693,11,0,28377,29069,1,693,0.0,1201,2
KF923917,membrane,98.268,693,12,0,28377,29069,1,693,0.0,1196,2
KF923918,membrane,97.980,693,14,0,28377,29069,1,693,0.0,1187,2
KF923919,membrane,98.413,693,11,0,28377,29069,1,693,0.0,1201,2
KF923920,membrane,98.413,693,11,0,28377,29069,1,693,0.0,1201,2
KF923921,membrane,98.413,693,11,0,28377,29069,1,693,0.0,1201,2
KF923922,membrane,98.268,693,12,0,28377,29069,1,693,0.0,1196,2
KF923923,membrane,98.413,693,11,0,28377,29069,1,693,0.0,1201,2
KF923924,membrane,97.980,693,14,0,28377,29069,1,693,0.0,1187,2
KF923925,membrane,98.268,693,12,0,28377,29069,1,693,0.0,1196,2
KJ958218,membrane,98.268,693,12,0,28378,29070,1,693,0.0,1196,2
KJ958219,membrane,98.124,693,13,0,28378,29070,1,693,0.0,1192,2
KP198610,membrane,97.547,693,17,0,28400,29092,1,693,0.0,1174,2
KP198611,membrane,97.547,693,17,0,28400,29092,1,693,0.0,1174,2
KU131570,membrane,97.691,693,16,0,28393,29085,1,693,0.0,1178,2
KX344031,membrane,98.413,693,11,0,28377,29069,1,693,0.0,1201,2
KX426263,membrane,97.661,171,4,0,1,171,520,690,1.77e-83,291,100
KX426263,membrane,100.000,18,0,0,99,116,635,618,7.57e-06,33.7,100
KX538964,membrane,98.268,693,12,0,28377,29069,1,693,0.0,1196,2
KX538965,membrane,98.268,693,12,0,28380,29072,1,693,0.0,1196,2
KX538966,membrane,98.268,693,12,0,28377,29069,1,693,0.0,1196,2
KX538967,membrane,98.268,693,12,0,28380,29072,1,693,0.0,1196,2
KX538968,membrane,98.268,693,12,0,28380,29072,1,693,0.0,1196,2
KX538969,membrane,98.124,693,13,0,28380,29072,1,693,0.0,1192,2
KX538970,membrane,98.268,693,12,0,28377,29069,1,693,0.0,1196,2
KX538971,membrane,98.268,693,12,0,28380,29072,1,693,0.0,1196,2
KX538972,membrane,98.268,693,12,0,28377,29069,1,693,0.0,1196,2
KX538973,membrane,98.268,693,12,0,28380,29072,1,693,0.0,1196,2
KX538974,membrane,98.268,693,12,0,28380,29072,1,693,0.0,1196,2
KX538975,membrane,98.268,693,12,0,28380,29072,1,693,0.0,1196,2
KX538976,membrane,98.268,693,12,0,28377,29069,1,693,0.0,1196,2
KX538977,membrane,98.124,693,13,0,28380,29072,1,693,0.0,1192,2
KX538978,membrane,98.268,693,12,0,28377,29069,1,693,0.0,1196,2
KX538979,membrane,98.124,693,13,0,28377,29069,1,693,0.0,1192,2
KY014281,membrane,98.557,693,10,0,28300,28992,1,693,0.0,1205,2
KY014282,membrane,97.691,693,16,0,28371,29063,1,693,0.0,1178,2
KY369905,membrane,98.124,693,13,0,28370,29062,1,693,0.0,1192,2
KY369906,membrane,98.268,693,12,0,28370,29062,1,693,0.0,1196,2
KY369907,membrane,98.124,693,13,0,28389,29081,1,693,0.0,1192,2
KY554972,membrane,98.413,693,11,0,28377,29069,1,693,0.0,1201,2
KY554973,membrane,98.413,693,11,0,28377,29069,1,693,0.0,1201,2
KY554974,membrane,98.413,693,11,0,28377,29069,1,693,0.0,1201,2
KY554975,membrane,98.413,693,11,0,28377,29069,1,693,0.0,1201,2
KY674917,membrane,98.413,693,11,0,28358,29050,1,693,0.0,1201,2
KY674918,membrane,98.413,693,11,0,28339,29031,1,693,0.0,1201,2
KY674920,membrane,98.413,693,11,0,28285,28977,1,693,0.0,1201,2
KY684759,membrane,98.268,693,12,0,28351,29043,1,693,0.0,1196,2
KY967356,membrane,98.268,693,12,0,28339,29031,1,693,0.0,1196,2
KY967358,membrane,98.268,693,12,0,28351,29043,1,693,0.0,1196,2
KY967359,membrane,98.268,693,12,0,28357,29049,1,693,0.0,1196,2
KY967360,membrane,97.835,693,15,0,28362,29054,1,693,0.0,1183,2
KY967361,membrane,98.268,693,12,0,28351,29043,1,693,0.0,1196,2
KY983583,membrane,98.268,693,12,0,28351,29043,1,693,0.0,1196,2
KY983585,membrane,98.268,693,12,0,28355,29047,1,693,0.0,1196,2
KY983588,membrane,98.268,693,12,0,28351,29043,1,693,0.0,1196,2
LC315646,membrane,98.268,693,12,0,28400,29092,1,693,0.0,1196,2
LC315647,membrane,98.268,693,12,0,28381,29073,1,693,0.0,1196,2
LC315648,membrane,98.268,693,12,0,28378,29070,1,693,0.0,1196,2
LC315649,membrane,97.547,693,17,0,28401,29093,1,693,0.0,1174,2
LC543627,membrane,97.945,292,6,0,1,292,402,693,2.11e-145,500,16
LC543627,membrane,100.000,18,0,0,217,234,635,618,8.46e-05,33.7,16
LC543628,membrane,97.945,292,6,0,1,292,402,693,2.11e-145,500,16
LC543628,membrane,100.000,18,0,0,217,234,635,618,8.46e-05,33.7,16
LC543629,membrane,97.945,292,6,0,1,292,402,693,2.11e-145,500,16
LC543629,membrane,100.000,18,0,0,217,234,635,618,8.46e-05,33.7,16
LC543630,membrane,97.945,292,6,0,1,292,402,693,2.11e-145,500,16
LC543630,membrane,100.000,18,0,0,217,234,635,618,8.46e-05,33.7,16
LC543631,membrane,97.945,292,6,0,1,292,402,693,2.11e-145,500,16
LC543631,membrane,100.000,18,0,0,217,234,635,618,8.46e-05,33.7,16
LC654450,membrane,97.547,693,17,0,28388,29080,1,693,0.0,1174,2
LC654451,membrane,98.268,693,12,0,28407,29099,1,693,0.0,1196,2
LC654452,membrane,98.268,693,12,0,28407,29099,1,693,0.0,1196,2
LC654453,membrane,98.701,693,9,0,28380,29072,1,693,0.0,1210,2
LC654454,membrane,98.124,693,13,0,28404,29096,1,693,0.0,1192,2
LC654456,membrane,97.691,693,16,0,28401,29093,1,693,0.0,1178,2
LC687398,membrane,98.268,693,12,0,28337,29029,1,693,0.0,1196,2
LC687399,membrane,98.268,693,12,0,28341,29033,1,693,0.0,1196,2
LC687400,membrane,98.268,693,12,0,28357,29049,1,693,0.0,1196,2
LC720427,membrane,98.268,693,12,0,28378,29070,1,693,0.0,1196,2
LC720429,membrane,98.268,693,12,0,28358,29050,1,693,0.0,1196,2
LC756669,membrane,98.413,693,11,0,28385,29077,1,693,0.0,1201,2
LC756670,membrane,98.413,693,11,0,28385,29077,1,693,0.0,1201,2
LC817383,membrane,98.413,693,11,0,28323,29015,1,693,0.0,1201,2
LC823190,membrane,98.413,693,11,0,28378,29070,1,693,0.0,1201,2
LC823191,membrane,98.413,693,11,0,28378,29070,1,693,0.0,1201,2
LC823192,membrane,97.980,693,14,0,28375,29067,1,693,0.0,1187,2
LC823193,membrane,97.980,693,14,0,28375,29067,1,693,0.0,1187,2
M93390,membrane,99.711,693,2,0,33,725,1,693,0.0,1242,94
M93390,membrane,100.000,18,0,0,650,667,635,618,3.42e-05,33.7,94
M99576,membrane,98.148,54,1,0,717,770,1,54,4.35e-23,94.2,7
MF314143,membrane,97.691,693,16,0,28401,29093,1,693,0.0,1178,2
MF374983,membrane,98.124,693,13,0,28384,29076,1,693,0.0,1192,2
MF374984,membrane,98.268,693,12,0,28393,29085,1,693,0.0,1196,2
MF374985,membrane,98.268,693,12,0,28385,29077,1,693,0.0,1196,2
MG197709,membrane,98.701,693,9,0,28291,28983,1,693,0.0,1210,2
MG197710,membrane,97.980,693,14,0,28282,28974,1,693,0.0,1187,2
MG197711,membrane,98.701,693,9,0,28295,28987,1,693,0.0,1210,2
MG197712,membrane,97.980,693,14,0,28281,28973,1,693,0.0,1187,2
MG197713,membrane,98.124,693,13,0,28289,28981,1,693,0.0,1192,2
MG197714,membrane,98.846,693,8,0,28305,28997,1,693,0.0,1214,2
MG197715,membrane,98.124,693,13,0,28302,28994,1,693,0.0,1192,2
MG197716,membrane,97.980,693,14,0,28302,28994,1,693,0.0,1187,2
MG197717,membrane,97.980,693,14,0,28299,28991,1,693,0.0,1187,2
MG197718,membrane,98.701,693,9,0,28287,28979,1,693,0.0,1210,2
MG197719,membrane,98.846,693,8,0,28276,28968,1,693,0.0,1214,2
MG197720,membrane,98.701,693,9,0,28297,28989,1,693,0.0,1210,2
MG197721,membrane,98.557,693,10,0,28284,28976,1,693,0.0,1205,2
MG197722,membrane,97.835,693,15,0,28268,28960,1,693,0.0,1183,2
MG197723,membrane,98.268,693,12,0,28310,29002,1,693,0.0,1196,2
MG977444,membrane,98.268,693,12,0,28248,28940,1,693,0.0,1196,2
MG977445,membrane,98.268,693,12,0,28343,29035,1,693,0.0,1196,2
MG977446,membrane,98.268,693,12,0,28194,28886,1,693,0.0,1196,2
MG977447,membrane,98.268,693,12,0,28369,29061,1,693,0.0,1196,2
MG977448,membrane,98.313,652,11,0,28244,28895,42,693,0.0,1127,2
MG977449,membrane,98.268,693,12,0,28385,29077,1,693,0.0,1196,2
MG977450,membrane,98.433,319,5,0,28234,28552,1,319,6.43e-160,554,2
MG977450,membrane,98.020,303,6,0,28624,28926,391,693,3.80e-150,520,2
MG977451,membrane,98.268,693,12,0,28386,29078,1,693,0.0,1196,2
MG977452,membrane,98.268,693,12,0,28368,29060,1,693,0.0,1196,2
MH121121,membrane,98.268,693,12,0,28386,29078,1,693,0.0,1196,2
MH828490,membrane,98.268,693,12,0,28383,29075,1,693,0.0,1196,2
MK303619,membrane,98.268,693,12,0,28356,29048,1,693,0.0,1196,2
MK303620,membrane,98.268,693,12,0,28357,29049,1,693,0.0,1196,2
MK303621,membrane,98.268,693,12,0,28356,29048,1,693,0.0,1196,2
MK303622,membrane,98.268,693,12,0,28357,29049,1,693,0.0,1196,2
MK303623,membrane,98.268,693,12,0,28356,29048,1,693,0.0,1196,2
MK303624,membrane,98.268,693,12,0,28356,29048,1,693,0.0,1196,2
MK303625,membrane,98.846,693,8,0,28363,29055,1,693,0.0,1214,2
MK327281,membrane,97.691,693,16,0,28380,29072,1,693,0.0,1178,2
MN026164,membrane,98.268,693,12,0,28443,29135,1,693,0.0,1196,2
MN026165,membrane,97.691,693,16,0,28017,28709,1,693,0.0,1178,2
MN306036,membrane,98.268,693,12,0,28351,29043,1,693,0.0,1196,2
MN306041,membrane,98.268,693,12,0,28386,29078,1,693,0.0,1196,2
MN306042,membrane,98.268,693,12,0,28385,29077,1,693,0.0,1196,2
MN306043,membrane,98.846,693,8,0,28381,29073,1,693,0.0,1214,2
MN306053,membrane,98.268,693,12,0,28480,29172,1,693,0.0,1196,2
MN310476,membrane,98.268,693,12,0,28351,29043,1,693,0.0,1196,2
MN310478,membrane,98.236,567,10,0,28477,29043,127,693,0.0,978,2
MN310478,membrane,98.361,61,1,0,28351,28411,1,61,2.77e-25,106,2
MT118667,membrane,98.124,693,13,0,28389,29081,1,693,0.0,1192,2
MT118668,membrane,98.268,693,12,0,28386,29078,1,693,0.0,1196,2
MT118671,membrane,97.691,693,16,0,28362,29054,1,693,0.0,1178,2
MT118672,membrane,97.691,693,16,0,28313,29005,1,693,0.0,1178,2
MT118673,membrane,98.268,693,12,0,28386,29078,1,693,0.0,1196,2
MT118678,membrane,98.268,693,12,0,28389,29081,1,693,0.0,1196,2
MT118683,membrane,98.268,693,12,0,28386,29078,1,693,0.0,1196,2
MT118685,membrane,98.268,693,12,0,28386,29078,1,693,0.0,1196,2
MT118692,membrane,98.124,693,13,0,28302,28994,1,693,0.0,1192,2
MW052042,membrane,98.846,693,8,0,28345,29037,1,693,0.0,1214,2
MW202339,membrane,98.148,486,9,0,28376,28861,1,486,0.0,837,2
MW411432,membrane,98.124,693,13,0,28386,29078,1,693,0.0,1192,2
MW411433,membrane,98.124,693,13,0,28386,29078,1,693,0.0,1192,2
MW532108,membrane,98.701,693,9,0,28340,29032,1,693,0.0,1210,2
MW532109,membrane,98.846,693,8,0,28340,29032,1,693,0.0,1214,2
MW532110,membrane,98.413,693,11,0,28352,29044,1,693,0.0,1201,2
MW532111,membrane,98.413,693,11,0,28352,29044,1,693,0.0,1201,2
MW532112,membrane,97.980,693,14,0,28352,29044,1,693,0.0,1187,2
MW532113,membrane,98.268,693,12,0,28364,29056,1,693,0.0,1196,2
MW532114,membrane,98.268,693,12,0,28364,29056,1,693,0.0,1196,2
MW532115,membrane,98.268,693,12,0,28364,29056,1,693,0.0,1196,2
MW532116,membrane,98.413,693,11,0,28358,29050,1,693,0.0,1201,2
MW532117,membrane,98.268,693,12,0,28364,29056,1,693,0.0,1196,2
MW532118,membrane,98.268,693,12,0,28364,29056,1,693,0.0,1196,2
MW532119,membrane,94.084,693,41,0,28364,29056,1,693,0.0,1066,2
MW559057,membrane,97.835,693,15,0,28378,29070,1,693,0.0,1183,2
MW587040,membrane,98.268,693,12,0,28391,29083,1,693,0.0,1196,2
MW587041,membrane,98.265,634,11,0,28420,29053,60,693,0.0,1095,2
MW587042,membrane,98.268,693,12,0,28391,29083,1,693,0.0,1196,2
MW938760,membrane,98.268,693,12,0,28390,29082,1,693,0.0,1196,2
MZ221192,membrane,98.268,693,12,0,28337,29029,1,693,0.0,1196,2
MZ450972,membrane,98.124,693,13,0,28367,29059,1,693,0.0,1192,2
NC_006213,membrane,100.000,693,0,0,28377,29069,1,693,0.0,1251,2
OK073087,membrane,98.268,693,12,0,28378,29070,1,693,0.0,1196,2
OK073088,membrane,98.268,693,12,0,28378,29070,1,693,0.0,1196,2
OK073089,membrane,98.846,693,8,0,28384,29076,1,693,0.0,1214,2
OK073090,membrane,98.268,693,12,0,28390,29082,1,693,0.0,1196,2
OK073091,membrane,98.701,693,9,0,28384,29076,1,693,0.0,1210,2
OK073092,membrane,98.701,693,9,0,28254,28946,1,693,0.0,1210,2
OK318917,membrane,98.124,693,13,0,28349,29041,1,693,0.0,1192,2
OK318918,membrane,98.268,693,12,0,28351,29043,1,693,0.0,1196,2
OK318939,membrane,98.701,693,9,0,28369,29061,1,693,0.0,1210,2
OK318940,membrane,98.557,693,10,0,28378,29070,1,693,0.0,1205,2
OK318941,membrane,98.557,693,10,0,28357,29049,1,693,0.0,1205,2
OK318942,membrane,98.557,693,10,0,28377,29069,1,693,0.0,1205,2
OK318943,membrane,98.557,693,10,0,28377,29069,1,693,0.0,1205,2
OK318944,membrane,98.557,693,10,0,28372,29064,1,693,0.0,1205,2
OK318945,membrane,98.268,693,12,0,28310,29002,1,693,0.0,1196,2
OK318946,membrane,98.268,693,12,0,28336,29028,1,693,0.0,1196,2
OK318947,membrane,98.124,693,13,0,28367,29059,1,693,0.0,1192,2
OK391221,membrane,98.701,693,9,0,27681,28373,1,693,0.0,1210,2
OK391222,membrane,98.701,693,9,0,27016,27708,1,693,0.0,1210,2
OK391223,membrane,98.557,693,10,0,27635,28327,1,693,0.0,1205,2
OK391224,membrane,98.701,693,9,0,28048,28740,1,693,0.0,1210,2
OK391225,membrane,98.701,693,9,0,28363,29055,1,693,0.0,1210,2
OK391226,membrane,98.701,693,9,0,28363,29055,1,693,0.0,1210,2
OK391227,membrane,98.268,693,12,0,28333,29025,1,693,0.0,1196,2
OK391228,membrane,98.124,693,13,0,28159,28851,1,693,0.0,1192,2
OK391229,membrane,97.174,460,13,0,28580,29039,234,693,0.0,776,2
OK391229,membrane,95.726,117,5,0,28347,28463,1,117,2.41e-51,193,2
OK391230,membrane,98.124,693,13,0,27027,27719,1,693,0.0,1192,2
OK391238,membrane,98.268,693,12,0,28348,29040,1,693,0.0,1196,2
OK500297,membrane,98.268,693,12,0,28348,29040,1,693,0.0,1196,2
OK500298,membrane,98.268,693,12,0,28366,29058,1,693,0.0,1196,2
OK500299,membrane,98.268,693,12,0,28347,29039,1,693,0.0,1196,2
OK500300,membrane,98.124,693,13,0,28339,29031,1,693,0.0,1192,2
OK500301,membrane,97.547,693,17,0,28366,29058,1,693,0.0,1178,2
OK500302,membrane,98.124,693,13,0,28364,29056,1,693,0.0,1192,2
OK500303,membrane,98.268,693,12,0,28360,29052,1,693,0.0,1196,2
OK500304,membrane,98.124,693,13,0,28367,29059,1,693,0.0,1192,2
OK500305,membrane,98.124,693,13,0,28360,29052,1,693,0.0,1192,2
OK662397,membrane,100.000,693,0,0,28367,29059,1,693,0.0,1251,2
OL770287,membrane,98.268,693,12,0,28357,29049,1,693,0.0,1196,2
OL770288,membrane,98.268,693,12,0,28357,29049,1,693,0.0,1196,2
OL770289,membrane,98.268,693,12,0,28357,29049,1,693,0.0,1196,2
OM386794,membrane,98.124,693,13,0,28386,29078,1,693,0.0,1192,2
OM386795,membrane,98.268,693,12,0,28386,29078,1,693,0.0,1196,2
OM386796,membrane,98.268,693,12,0,28386,29078,1,693,0.0,1196,2
OM386797,membrane,98.268,693,12,0,28386,29078,1,693,0.0,1196,2
OM386798,membrane,98.124,693,13,0,28386,29078,1,693,0.0,1192,2
OM386799,membrane,98.124,693,13,0,28386,29078,1,693,0.0,1192,2
ON376724,membrane,100.000,693,0,0,28410,29102,1,693,0.0,1251,2
ON376725,membrane,100.000,693,0,0,28410,29102,1,693,0.0,1251,2
ON461794,membrane,98.268,693,12,0,28373,29065,1,693,0.0,1196,2
ON461795,membrane,98.268,693,12,0,28377,29069,1,693,0.0,1196,2
ON461796,membrane,98.557,693,10,0,28326,29018,1,693,0.0,1205,2
ON461797,membrane,98.124,693,13,0,28374,29066,1,693,0.0,1192,2
ON461798,membrane,98.124,693,13,0,28377,29069,1,693,0.0,1192,2
ON554023,membrane,98.268,693,12,0,28352,29044,1,693,0.0,1196,2
ON554024,membrane,98.268,693,12,0,28363,29055,1,693,0.0,1196,2
ON554025,membrane,98.124,693,13,0,28363,29055,1,693,0.0,1192,2
ON554026,membrane,98.268,693,12,0,28405,29097,1,693,0.0,1196,2
ON554027,membrane,98.268,693,12,0,28337,29029,1,693,0.0,1196,2
ON554028,membrane,98.268,693,12,0,28352,29044,1,693,0.0,1196,2
ON554029,membrane,98.268,693,12,0,28354,29046,1,693,0.0,1196,2
ON554030,membrane,98.268,693,12,0,28407,29099,1,693,0.0,1196,2
ON554031,membrane,98.268,693,12,0,28369,29061,1,693,0.0,1196,2
ON554032,membrane,98.268,693,12,0,28337,29029,1,693,0.0,1196,2
ON554033,membrane,98.268,693,12,0,28354,29046,1,693,0.0,1196,2
ON554034,membrane,98.268,693,12,0,28352,29044,1,693,0.0,1196,2
ON554035,membrane,98.268,693,12,0,28364,29056,1,693,0.0,1196,2
ON554036,membrane,98.268,693,12,0,28405,29097,1,693,0.0,1196,2
ON554037,membrane,97.835,693,15,0,28364,29056,1,693,0.0,1183,2
ON554038,membrane,98.268,693,12,0,28380,29072,1,693,0.0,1196,2
ON554039,membrane,97.980,693,14,0,28356,29048,1,693,0.0,1187,2
ON554040,membrane,98.268,693,12,0,28372,29064,1,693,0.0,1196,2
ON554041,membrane,98.268,693,12,0,28368,29060,1,693,0.0,1196,2
ON554042,membrane,98.268,693,12,0,28343,29035,1,693,0.0,1196,2
ON554043,membrane,98.268,693,12,0,28371,29063,1,693,0.0,1196,2
ON554044,membrane,98.846,693,8,0,28323,29015,1,693,0.0,1214,2
ON554045,membrane,98.268,693,12,0,28379,29071,1,693,0.0,1196,2
ON554046,membrane,98.124,693,13,0,28405,29097,1,693,0.0,1192,2
ON554047,membrane,98.268,693,12,0,28349,29041,1,693,0.0,1196,2
ON554048,membrane,98.268,693,12,0,28371,29063,1,693,0.0,1196,2
ON554049,membrane,98.268,693,12,0,28365,29057,1,693,0.0,1196,2
ON554050,membrane,98.268,693,12,0,28348,29040,1,693,0.0,1196,2
ON554051,membrane,98.268,693,12,0,28321,29013,1,693,0.0,1196,2
ON554052,membrane,98.701,693,9,0,28366,29058,1,693,0.0,1210,2
ON554053,membrane,98.268,693,12,0,28364,29056,1,693,0.0,1196,2
ON554054,membrane,98.268,693,12,0,28371,29063,1,693,0.0,1196,2
ON554055,membrane,98.846,693,8,0,28353,29045,1,693,0.0,1214,2
ON554056,membrane,98.846,693,8,0,28344,29036,1,693,0.0,1214,2
ON554057,membrane,98.268,693,12,0,28381,29073,1,693,0.0,1196,2
ON554058,membrane,98.268,693,12,0,28364,29056,1,693,0.0,1196,2
ON554059,membrane,98.268,693,12,0,28360,29052,1,693,0.0,1196,2
ON554060,membrane,98.268,693,12,0,28357,29049,1,693,0.0,1196,2
ON554061,membrane,98.268,693,12,0,28378,29070,1,693,0.0,1196,2
ON554062,membrane,98.268,693,12,0,28373,29065,1,693,0.0,1196,2
ON554063,membrane,98.268,693,12,0,28377,29069,1,693,0.0,1196,2
ON554064,membrane,98.268,693,12,0,28371,29063,1,693,0.0,1196,2
ON554065,membrane,98.268,693,12,0,28370,29062,1,693,0.0,1196,2
ON554066,membrane,98.268,693,12,0,28371,29063,1,693,0.0,1196,2
ON554067,membrane,98.268,693,12,0,28360,29052,1,693,0.0,1196,2
ON554068,membrane,98.124,693,13,0,28358,29050,1,693,0.0,1192,2
ON554069,membrane,98.268,693,12,0,28371,29063,1,693,0.0,1196,2
ON554070,membrane,98.268,693,12,0,28388,29080,1,693,0.0,1196,2
ON554071,membrane,98.124,693,13,0,28375,29067,1,693,0.0,1192,2
ON554072,membrane,97.691,693,16,0,28328,29020,1,693,0.0,1178,2
ON554073,membrane,98.268,693,12,0,28369,29061,1,693,0.0,1196,2
ON554074,membrane,98.268,693,12,0,28361,29053,1,693,0.0,1196,2
ON554075,membrane,98.124,693,13,0,28384,29076,1,693,0.0,1192,2
ON554076,membrane,98.268,693,12,0,28374,29066,1,693,0.0,1196,2
ON554077,membrane,98.268,693,12,0,28352,29044,1,693,0.0,1196,2
ON554078,membrane,98.124,693,13,0,28369,29061,1,693,0.0,1192,2
ON554079,membrane,98.268,693,12,0,28341,29033,1,693,0.0,1196,2
ON554080,membrane,98.268,693,12,0,28382,29074,1,693,0.0,1196,2
ON554081,membrane,98.268,693,12,0,28383,29075,1,693,0.0,1196,2
ON554082,membrane,98.268,693,12,0,28380,29072,1,693,0.0,1196,2
ON554083,membrane,98.268,693,12,0,28382,29074,1,693,0.0,1196,2
ON554084,membrane,98.268,693,12,0,28347,29039,1,693,0.0,1196,2
ON554085,membrane,98.268,693,12,0,28374,29066,1,693,0.0,1196,2
ON554086,membrane,98.268,693,12,0,28378,29070,1,693,0.0,1196,2
ON554087,membrane,98.268,693,12,0,28376,29068,1,693,0.0,1196,2
ON554088,membrane,98.268,693,12,0,28365,29057,1,693,0.0,1196,2
ON554089,membrane,98.268,693,12,0,28373,29065,1,693,0.0,1196,2
ON554090,membrane,98.268,693,12,0,28364,29056,1,693,0.0,1196,2
ON554091,membrane,98.268,693,12,0,28378,29070,1,693,0.0,1196,2
ON554092,membrane,98.124,693,13,0,28382,29074,1,693,0.0,1192,2
ON554093,membrane,98.268,693,12,0,28391,29083,1,693,0.0,1196,2
ON554094,membrane,98.268,693,12,0,28372,29064,1,693,0.0,1196,2
ON554095,membrane,98.268,693,12,0,28389,29081,1,693,0.0,1196,2
ON554096,membrane,98.268,693,12,0,28384,29076,1,693,0.0,1196,2
OQ079158,membrane,98.268,693,12,0,28383,29075,1,693,0.0,1196,2
OQ079159,membrane,98.413,693,11,0,28374,29066,1,693,0.0,1201,2
OQ331224,membrane,98.268,693,12,0,28362,29054,1,693,0.0,1196,2
OQ828657,membrane,98.413,693,11,0,28222,28914,1,693,0.0,1201,2
OR266949,membrane,98.846,693,8,0,28362,29054,1,693,0.0,1214,2
OR371530,membrane,98.557,693,10,0,28393,29085,1,693,0.0,1205,2
PP187315,membrane,98.268,693,12,0,28361,29053,1,693,0.0,1196,2
PP187316,membrane,98.268,693,12,0,28389,29081,1,693,0.0,1196,2
PP187317,membrane,98.268,693,12,0,28356,29048,1,693,0.0,1196,2
PP187318,membrane,98.124,693,13,0,28350,29042,1,693,0.0,1192,2
PP862721,membrane,100.000,693,0,0,28409,29101,1,693,0.0,1251,2
PQ037241,membrane,98.268,693,12,0,28338,29030,1,693,0.0,1196,2
PQ037242,membrane,98.268,693,12,0,28395,29087,1,693,0.0,1196,2
PQ187629,membrane,98.268,693,12,0,28374,29066,1,693,0.0,1196,2
PQ187630,membrane,98.268,693,12,0,28373,29065,1,693,0.0,1196,2
PQ187631,membrane,98.268,693,12,0,28377,29069,1,693,0.0,1196,2
PQ187632,membrane,98.268,693,12,0,28376,29068,1,693,0.0,1196,2
PQ187633,membrane,98.268,693,12,0,28377,29069,1,693,0.0,1196,2
PQ187634,membrane,98.268,693,12,0,28370,29062,1,693,0.0,1196,2
PQ187635,membrane,98.268,693,12,0,28371,29063,1,693,0.0,1196,2
PQ187636,membrane,98.268,693,12,0,28376,29068,1,693,0.0,1196,2
PQ187637,membrane,98.268,693,12,0,28387,29079,1,693,0.0,1196,2
PQ187638,membrane,98.846,693,8,0,28381,29073,1,693,0.0,1214,2
PQ187639,membrane,98.846,693,8,0,28382,29074,1,693,0.0,1214,2
PQ510827,membrane,98.557,693,10,0,28317,29009,1,693,0.0,1205,2
PQ510828,membrane,98.413,693,11,0,28329,29021,1,693,0.0,1201,2
PQ629997,membrane,98.268,693,12,0,28145,28837,1,693,0.0,1196,2
PQ629998,membrane,97.980,693,14,0,28139,28831,1,693,0.0,1187,2
PQ629999,membrane,98.557,693,10,0,28145,28837,1,693,0.0,1205,2
PQ630000,membrane,98.413,693,11,0,28148,28840,1,693,0.0,1201,2
PQ630001,membrane,98.557,693,10,0,28145,28837,1,693,0.0,1205,2
PQ630002,membrane,98.557,693,10,0,28145,28837,1,693,0.0,1205,2
PQ630003,membrane,98.557,693,10,0,28145,28837,1,693,0.0,1205,2
PQ630004,membrane,98.413,693,11,0,28148,28840,1,693,0.0,1201,2
PQ630005,membrane,98.557,693,10,0,28145,28837,1,693,0.0,1205,2
PQ630006,membrane,98.557,693,10,0,28148,28840,1,693,0.0,1205,2
PQ630007,membrane,98.557,693,10,0,28145,28837,1,693,0.0,1205,2
PQ630008,membrane,98.413,693,11,0,28148,28840,1,693,0.0,1201,2
PQ630009,membrane,98.268,693,12,0,28148,28840,1,693,0.0,1196,2
PQ630010,membrane,98.413,693,11,0,28148,28840,1,693,0.0,1201,2
PQ630011,membrane,98.557,693,10,0,28148,28840,1,693,0.0,1205,2
PQ630012,membrane,98.557,693,10,0,28148,28840,1,693,0.0,1205,2
PQ630013,membrane,98.557,693,10,0,28148,28840,1,693,0.0,1205,2
PQ630014,membrane,98.557,693,10,0,28148,28840,1,693,0.0,1205,2
PQ630015,membrane,98.557,693,10,0,28148,28840,1,693,0.0,1205,2
PQ630016,membrane,98.413,693,11,0,28148,28840,1,693,0.0,1201,2
PQ630017,membrane,99.032,310,3,0,28148,28457,1,310,9.44e-158,546,1
PQ630018,membrane,98.557,693,10,0,28148,28840,1,693,0.0,1205,2
PQ630019,membrane,100.000,310,0,0,23981,24290,1,310,3.45e-162,560,1
PQ630020,membrane,98.268,693,12,0,28130,28822,1,693,0.0,1196,2
PQ630021,membrane,98.413,693,11,0,28148,28840,1,693,0.0,1201,2
PQ630022,membrane,98.413,693,11,0,28148,28840,1,693,0.0,1201,2
PQ630023,membrane,98.268,693,12,0,28142,28834,1,693,0.0,1196,2
PQ630024,membrane,98.268,693,12,0,28142,28834,1,693,0.0,1196,2
PQ630025,membrane,98.268,693,12,0,28142,28834,1,693,0.0,1196,2
PQ630026,membrane,98.268,693,12,0,28142,28834,1,693,0.0,1196,2
PQ630027,membrane,98.268,693,12,0,28136,28828,1,693,0.0,1196,2
PQ630028,membrane,98.557,693,10,0,28148,28840,1,693,0.0,1205,2
PQ630029,membrane,98.413,693,11,0,28148,28840,1,693,0.0,1201,2
PQ630030,membrane,98.413,693,11,0,28148,28840,1,693,0.0,1201,2
PQ630031,membrane,98.557,693,10,0,28148,28840,1,693,0.0,1205,2
PQ630032,membrane,98.268,693,12,0,28142,28834,1,693,0.0,1196,2
PQ630033,membrane,98.268,693,12,0,28142,28834,1,693,0.0,1196,2
PQ630034,membrane,98.268,693,12,0,28139,28831,1,693,0.0,1196,2
PQ630035,membrane,98.268,693,12,0,28136,28828,1,693,0.0,1196,2
PQ630036,membrane,98.387,310,5,0,28142,28451,1,310,4.89e-155,537,1
PQ630037,membrane,98.268,693,12,0,28142,28834,1,693,0.0,1196,2
PQ630038,membrane,97.835,693,15,0,28142,28834,1,693,0.0,1183,2
PQ630039,membrane,98.268,693,12,0,28142,28834,1,693,0.0,1196,2
PQ630040,membrane,98.268,693,12,0,28142,28834,1,693,0.0,1196,2
PQ630041,membrane,98.268,693,12,0,28142,28834,1,693,0.0,1196,2
PQ630043,membrane,98.268,693,12,0,28142,28834,1,693,0.0,1196,2
PQ630044,membrane,98.268,693,12,0,28130,28822,1,693,0.0,1196,2
PQ630045,membrane,98.268,693,12,0,28142,28834,1,693,0.0,1196,2
PQ630046,membrane,98.268,693,12,0,28142,28834,1,693,0.0,1196,2
PQ630048,membrane,98.701,693,9,0,28112,28804,1,693,0.0,1210,2
PQ630049,membrane,98.268,693,12,0,28142,28834,1,693,0.0,1196,2
PQ630050,membrane,98.268,693,12,0,28142,28834,1,693,0.0,1196,2
PQ630051,membrane,98.268,693,12,0,28142,28834,1,693,0.0,1196,2
PQ630052,membrane,98.268,693,12,0,28142,28834,1,693,0.0,1196,2
PQ630053,membrane,98.268,693,12,0,28142,28834,1,693,0.0,1196,2
PQ630054,membrane,98.268,693,12,0,26070,26762,1,693,0.0,1196,2
PQ630055,membrane,98.268,693,12,0,28142,28834,1,693,0.0,1196,2
PQ630056,membrane,98.413,693,11,0,28130,28822,1,693,0.0,1201,2
PQ630057,membrane,98.268,693,12,0,28142,28834,1,693,0.0,1196,2
PQ630058,membrane,98.268,693,12,0,28142,28834,1,693,0.0,1196,2
PQ630059,membrane,98.557,693,10,0,28148,28840,1,693,0.0,1205,2
PQ630060,membrane,98.268,693,12,0,25059,25751,1,693,0.0,1196,3
PQ630061,membrane,98.268,693,12,0,26061,26753,1,693,0.0,1196,2
PQ630062,membrane,98.557,693,10,0,27162,27854,1,693,0.0,1205,2
PQ630063,membrane,98.268,693,12,0,28142,28834,1,693,0.0,1196,2
PQ630064,membrane,98.268,693,12,0,27043,27735,1,693,0.0,1196,2
PQ630065,membrane,98.268,693,12,0,28142,28834,1,693,0.0,1196,2
PQ630066,membrane,98.268,693,12,0,28130,28822,1,693,0.0,1196,2
PQ630067,membrane,98.268,693,12,0,28142,28834,1,693,0.0,1196,2
PQ630068,membrane,98.268,693,12,0,28130,28822,1,693,0.0,1196,2
PQ630069,membrane,98.268,693,12,0,28142,28834,1,693,0.0,1196,2
PQ630070,membrane,97.691,693,16,0,28151,28843,1,693,0.0,1178,2
PQ630071,membrane,97.691,693,16,0,28152,28844,1,693,0.0,1178,2
PQ630072,membrane,97.691,693,16,0,28151,28843,1,693,0.0,1178,2
PQ630073,membrane,98.124,693,13,0,28145,28837,1,693,0.0,1192,2
PQ630074,membrane,98.268,693,12,0,28142,28834,1,693,0.0,1196,2
PQ630075,membrane,99.032,310,3,0,26067,26376,1,310,8.78e-158,546,1
PQ630076,membrane,97.547,693,17,0,28118,28810,1,693,0.0,1174,2
PQ630077,membrane,97.691,693,16,0,28151,28843,1,693,0.0,1178,2
PQ630078,membrane,98.268,693,12,0,28142,28834,1,693,0.0,1196,2
PQ630079,membrane,98.268,693,12,0,28142,28834,1,693,0.0,1196,2
PQ630080,membrane,97.691,693,16,0,28152,28844,1,693,0.0,1178,2
PQ630081,membrane,98.268,693,12,0,28142,28834,1,693,0.0,1196,2
PQ630082,membrane,98.846,693,8,0,28136,28828,1,693,0.0,1214,2
PQ630083,membrane,98.124,693,13,0,28145,28837,1,693,0.0,1192,2
PQ630084,membrane,98.268,693,12,0,28142,28834,1,693,0.0,1196,2
PQ630085,membrane,98.268,693,12,0,28142,28834,1,693,0.0,1196,2
PQ630086,membrane,98.846,693,8,0,28148,28840,1,693,0.0,1214,2
PQ630087,membrane,98.268,693,12,0,28142,28834,1,693,0.0,1196,2
PQ630088,membrane,98.557,693,10,0,28142,28834,1,693,0.0,1205,2
PQ630089,membrane,97.691,693,16,0,28151,28843,1,693,0.0,1178,2
PQ630090,membrane,97.691,693,16,0,28151,28843,1,693,0.0,1178,2
PQ630091,membrane,98.268,693,12,0,28142,28834,1,693,0.0,1196,2
PQ630092,membrane,98.268,693,12,0,28142,28834,1,693,0.0,1196,2
PQ630093,membrane,98.268,693,12,0,28136,28828,1,693,0.0,1196,2
PQ630094,membrane,98.701,693,9,0,28155,28847,1,693,0.0,1210,2
PQ630095,membrane,98.268,693,12,0,28142,28834,1,693,0.0,1196,2
PQ630096,membrane,97.547,693,17,0,28151,28843,1,693,0.0,1174,2
PQ630097,membrane,98.268,693,12,0,28142,28834,1,693,0.0,1196,2
PQ630098,membrane,98.387,310,5,0,28130,28439,1,310,4.89e-155,537,1
PQ630099,membrane,97.691,693,16,0,28151,28843,1,693,0.0,1178,2
PQ630100,membrane,97.547,693,17,0,28109,28801,1,693,0.0,1174,2
PQ630101,membrane,98.268,693,12,0,28142,28834,1,693,0.0,1196,2
PQ630102,membrane,98.268,693,12,0,28142,28834,1,693,0.0,1196,2
PQ630103,membrane,98.268,693,12,0,28142,28834,1,693,0.0,1196,2
PQ630104,membrane,97.835,693,15,0,28154,28846,1,693,0.0,1183,2
PQ630105,membrane,98.268,693,12,0,28142,28834,1,693,0.0,1196,2
PQ630106,membrane,97.691,693,16,0,28151,28843,1,693,0.0,1178,2
PQ630107,membrane,98.557,693,10,0,28148,28840,1,693,0.0,1205,2
PQ630108,membrane,98.071,311,5,1,26079,26389,1,310,1.94e-153,531,1
PQ630109,membrane,98.557,693,10,0,28148,28840,1,693,0.0,1205,2
PQ630110,membrane,97.691,693,16,0,28151,28843,1,693,0.0,1178,2
PQ630111,membrane,98.268,693,12,0,28142,28834,1,693,0.0,1196,2
PQ630112,membrane,97.403,693,18,0,28154,28846,1,693,0.0,1169,2
PQ630113,membrane,98.268,693,12,0,28142,28834,1,693,0.0,1196,2
PQ630114,membrane,97.691,693,16,0,28151,28843,1,693,0.0,1178,2
PQ630115,membrane,97.691,693,16,0,28151,28843,1,693,0.0,1178,2
PQ630116,membrane,98.268,693,12,0,28142,28834,1,693,0.0,1196,2
PQ630117,membrane,97.547,693,17,0,28151,28843,1,693,0.0,1174,2
PQ630118,membrane,98.268,693,12,0,28142,28834,1,693,0.0,1196,2
PQ630119,membrane,97.691,693,16,0,28151,28843,1,693,0.0,1178,2
PQ630120,membrane,97.547,693,17,0,28151,28843,1,693,0.0,1174,2
PQ630121,membrane,97.691,693,16,0,28151,28843,1,693,0.0,1178,2
PQ630122,membrane,98.268,693,12,0,28142,28834,1,693,0.0,1196,2
PQ630123,membrane,98.124,693,13,0,28145,28837,1,693,0.0,1192,2
PQ630124,membrane,98.268,693,12,0,28142,28834,1,693,0.0,1196,2
PQ630125,membrane,98.268,693,12,0,28142,28834,1,693,0.0,1196,2
PQ630126,membrane,97.691,693,16,0,28151,28843,1,693,0.0,1178,2
PQ630127,membrane,98.268,693,12,0,28142,28834,1,693,0.0,1196,2
PQ630128,membrane,98.268,693,12,0,28142,28834,1,693,0.0,1196,2
PQ630129,membrane,98.268,693,12,0,28142,28834,1,693,0.0,1196,2
PQ630130,membrane,97.547,693,17,0,28127,28819,1,693,0.0,1174,2
PQ630131,membrane,98.268,693,12,0,28142,28834,1,693,0.0,1196,2
PQ630132,membrane,98.701,693,9,0,28136,28828,1,693,0.0,1210,2
PQ630133,membrane,98.413,693,11,0,28142,28834,1,693,0.0,1201,2
PQ630134,membrane,98.268,693,12,0,28142,28834,1,693,0.0,1196,2
PQ630135,membrane,97.691,693,16,0,28163,28855,1,693,0.0,1178,2
PQ630136,membrane,98.124,693,13,0,28115,28807,1,693,0.0,1192,2
PQ630137,membrane,98.387,310,5,0,28142,28451,1,310,4.89e-155,537,1
PQ630138,membrane,98.387,310,5,0,28136,28445,1,310,4.89e-155,537,1
PQ630139,membrane,98.268,693,12,0,28142,28834,1,693,0.0,1196,2
PQ630140,membrane,98.268,693,12,0,28142,28834,1,693,0.0,1196,2
PQ630141,membrane,98.268,693,12,0,28142,28834,1,693,0.0,1196,2
PQ630142,membrane,98.846,693,8,0,28136,28828,1,693,0.0,1214,2
PQ630143,membrane,98.268,693,12,0,28142,28834,1,693,0.0,1196,2
PQ630144,membrane,98.268,693,12,0,28142,28834,1,693,0.0,1196,2
PQ630145,membrane,98.268,693,12,0,28142,28834,1,693,0.0,1196,2
PQ630146,membrane,98.268,693,12,0,28142,28834,1,693,0.0,1196,2
PQ630147,membrane,98.268,693,12,0,28142,28834,1,693,0.0,1196,2
PQ630148,membrane,98.268,693,12,0,28142,28834,1,693,0.0,1196,2
PQ630149,membrane,98.268,693,12,0,28085,28777,1,693,0.0,1196,2
PQ630150,membrane,98.268,693,12,0,28142,28834,1,693,0.0,1196,2
PQ630151,membrane,98.268,693,12,0,28109,28801,1,693,0.0,1196,2
PQ630152,membrane,98.268,693,12,0,28142,28834,1,693,0.0,1196,2
PQ630153,membrane,98.268,693,12,0,28142,28834,1,693,0.0,1196,2
PQ630154,membrane,98.268,693,12,0,28142,28834,1,693,0.0,1196,2
PQ630155,membrane,98.268,693,12,0,28142,28834,1,693,0.0,1196,2
PQ630156,membrane,98.268,693,12,0,28142,28834,1,693,0.0,1196,2
PQ630157,membrane,98.268,693,12,0,28142,28834,1,693,0.0,1196,2
PQ630158,membrane,98.846,693,8,0,28136,28828,1,693,0.0,1214,2
PQ630159,membrane,98.268,693,12,0,28142,28834,1,693,0.0,1196,2
PQ630160,membrane,98.268,693,12,0,28142,28834,1,693,0.0,1196,2
PQ630161,membrane,98.268,693,12,0,28142,28834,1,693,0.0,1196,2
PQ630162,membrane,98.268,693,12,0,28142,28834,1,693,0.0,1196,2
PQ630163,membrane,98.124,693,13,0,28142,28834,1,693,0.0,1192,2
PQ630164,membrane,98.268,693,12,0,28085,28777,1,693,0.0,1196,2
PQ630165,membrane,98.268,693,12,0,28142,28834,1,693,0.0,1196,2
PQ630166,membrane,98.124,693,13,0,28142,28834,1,693,0.0,1192,2
PQ630167,membrane,98.268,693,12,0,28142,28834,1,693,0.0,1196,2
PQ630168,membrane,98.268,693,12,0,28142,28834,1,693,0.0,1196,2
PQ630169,membrane,98.268,693,12,0,28142,28834,1,693,0.0,1196,2
PQ630170,membrane,98.268,693,12,0,28109,28801,1,693,0.0,1196,2
PQ630171,membrane,98.124,693,13,0,28142,28834,1,693,0.0,1192,2
PQ630172,membrane,98.268,693,12,0,28142,28834,1,693,0.0,1196,2
PQ630173,membrane,98.268,693,12,0,28142,28834,1,693,0.0,1196,2
PQ630174,membrane,98.268,693,12,0,28142,28834,1,693,0.0,1196,2
PQ630175,membrane,98.268,693,12,0,28142,28834,1,693,0.0,1196,2
PQ630176,membrane,98.268,693,12,0,28109,28801,1,693,0.0,1196,2
PQ630177,membrane,98.268,693,12,0,28142,28834,1,693,0.0,1196,2
PQ630178,membrane,98.268,693,12,0,28142,28834,1,693,0.0,1196,2
PQ630179,membrane,98.268,693,12,0,28142,28834,1,693,0.0,1196,2
PQ630180,membrane,98.124,693,13,0,28130,28822,1,693,0.0,1192,2
PQ630181,membrane,98.268,693,12,0,28130,28822,1,693,0.0,1196,2
